# Blender 5.0.1
# www.blender.org
mtllib bag.mtl
o Bag
v -0.000000 -0.010250 -0.020759
v -0.000000 -0.003673 -0.019586
v 0.004050 -0.010250 -0.020361
v 0.003821 -0.003673 -0.019209
v 0.007944 -0.010250 -0.019179
v 0.007495 -0.003673 -0.018095
v 0.011533 -0.010250 -0.017261
v 0.010881 -0.003673 -0.016285
v 0.014679 -0.010250 -0.014679
v 0.013849 -0.003673 -0.013849
v 0.017261 -0.010250 -0.011533
v 0.016285 -0.003673 -0.010881
v 0.019179 -0.010250 -0.007944
v 0.018095 -0.003673 -0.007495
v 0.020361 -0.010250 -0.004050
v 0.019209 -0.003673 -0.003821
v 0.020760 -0.010250 -0.000000
v 0.019586 -0.003673 -0.000000
v 0.020361 -0.010250 0.004050
v 0.019209 -0.003673 0.003821
v 0.019179 -0.010250 0.007944
v 0.018095 -0.003673 0.007495
v 0.017261 -0.010250 0.011533
v 0.016285 -0.003673 0.010881
v 0.014679 -0.010250 0.014679
v 0.013849 -0.003673 0.013849
v 0.011533 -0.010250 0.017261
v 0.010881 -0.003673 0.016285
v 0.007944 -0.010250 0.019179
v 0.007495 -0.003673 0.018095
v 0.004050 -0.010250 0.020361
v 0.003821 -0.003673 0.019209
v -0.000000 -0.010250 0.020760
v -0.000000 -0.003673 0.019586
v -0.004050 -0.010250 0.020361
v -0.003821 -0.003673 0.019209
v -0.007944 -0.010250 0.019179
v -0.007495 -0.003673 0.018095
v -0.011533 -0.010250 0.017261
v -0.010881 -0.003673 0.016285
v -0.014679 -0.010250 0.014679
v -0.013849 -0.003673 0.013849
v -0.017261 -0.010250 0.011533
v -0.016285 -0.003673 0.010881
v -0.019179 -0.010250 0.007944
v -0.018095 -0.003673 0.007495
v -0.020361 -0.010250 0.004050
v -0.019209 -0.003673 0.003821
v -0.020760 -0.010250 -0.000000
v -0.019586 -0.003673 -0.000000
v -0.020361 -0.010250 -0.004050
v -0.019209 -0.003673 -0.003821
v -0.019179 -0.010250 -0.007944
v -0.018095 -0.003673 -0.007495
v -0.017261 -0.010250 -0.011533
v -0.016285 -0.003673 -0.010881
v -0.014679 -0.010250 -0.014679
v -0.013849 -0.003673 -0.013849
v -0.011533 -0.010250 -0.017261
v -0.010881 -0.003673 -0.016285
v -0.007944 -0.010250 -0.019179
v -0.007495 -0.003673 -0.018095
v -0.004050 -0.010250 -0.020361
v -0.003821 -0.003673 -0.019209
v -0.000000 -0.029428 -0.025915
v 0.005056 -0.029428 -0.025417
v 0.009917 -0.029428 -0.023942
v 0.014398 -0.029428 -0.021547
v 0.018325 -0.029428 -0.018325
v 0.021548 -0.029428 -0.014398
v 0.023942 -0.029428 -0.009917
v 0.025417 -0.029428 -0.005056
v 0.025915 -0.029428 -0.000000
v 0.025417 -0.029428 0.005056
v 0.023942 -0.029428 0.009917
v 0.021548 -0.029428 0.014398
v 0.018325 -0.029428 0.018325
v 0.014398 -0.029428 0.021548
v 0.009917 -0.029428 0.023943
v 0.005056 -0.029428 0.025417
v -0.000000 -0.029428 0.025915
v -0.005056 -0.029428 0.025417
v -0.009917 -0.029428 0.023943
v -0.014398 -0.029428 0.021548
v -0.018325 -0.029428 0.018325
v -0.021548 -0.029428 0.014398
v -0.023942 -0.029428 0.009917
v -0.025417 -0.029428 0.005056
v -0.025915 -0.029428 -0.000000
v -0.025417 -0.029428 -0.005056
v -0.023942 -0.029428 -0.009917
v -0.021548 -0.029428 -0.014398
v -0.018325 -0.029428 -0.018325
v -0.014398 -0.029428 -0.021548
v -0.009917 -0.029428 -0.023942
v -0.005056 -0.029428 -0.025417
v -0.000000 -0.062682 -0.038460
v 0.007503 -0.062682 -0.037721
v 0.014718 -0.062682 -0.035532
v 0.021367 -0.062682 -0.031978
v 0.027195 -0.062682 -0.027195
v 0.031978 -0.062682 -0.021367
v 0.035532 -0.062682 -0.014718
v 0.037721 -0.062682 -0.007503
v 0.038460 -0.062682 -0.000000
v 0.037721 -0.062682 0.007503
v 0.035532 -0.062682 0.014718
v 0.031978 -0.062682 0.021367
v 0.027195 -0.062682 0.027196
v 0.021367 -0.062682 0.031979
v 0.014718 -0.062682 0.035533
v 0.007503 -0.062682 0.037721
v -0.000000 -0.062682 0.038460
v -0.007503 -0.062682 0.037721
v -0.014718 -0.062682 0.035533
v -0.021367 -0.062682 0.031979
v -0.027195 -0.062682 0.027196
v -0.031978 -0.062682 0.021367
v -0.035532 -0.062682 0.014718
v -0.037721 -0.062682 0.007503
v -0.038460 -0.062682 -0.000000
v -0.037721 -0.062682 -0.007503
v -0.035532 -0.062682 -0.014718
v -0.031978 -0.062682 -0.021367
v -0.027195 -0.062682 -0.027195
v -0.021367 -0.062682 -0.031978
v -0.014718 -0.062682 -0.035532
v -0.007503 -0.062682 -0.037721
v -0.000000 -0.095956 -0.055540
v 0.010835 -0.095956 -0.054473
v 0.021255 -0.095956 -0.051313
v 0.030857 -0.095956 -0.046180
v 0.039273 -0.095956 -0.039273
v 0.046180 -0.095956 -0.030857
v 0.051313 -0.095956 -0.021254
v 0.054473 -0.095956 -0.010835
v 0.055541 -0.095956 -0.000000
v 0.054473 -0.095956 0.010836
v 0.051313 -0.095956 0.021255
v 0.046180 -0.095956 0.030857
v 0.039273 -0.095956 0.039273
v 0.030857 -0.095956 0.046181
v 0.021255 -0.095956 0.051313
v 0.010835 -0.095956 0.054474
v -0.000000 -0.095956 0.055541
v -0.010835 -0.095956 0.054474
v -0.021255 -0.095956 0.051313
v -0.030857 -0.095956 0.046180
v -0.039273 -0.095956 0.039273
v -0.046180 -0.095956 0.030857
v -0.051313 -0.095956 0.021255
v -0.054473 -0.095956 0.010836
v -0.055541 -0.095956 -0.000000
v -0.054473 -0.095956 -0.010835
v -0.051313 -0.095956 -0.021254
v -0.046180 -0.095956 -0.030857
v -0.039273 -0.095956 -0.039273
v -0.030857 -0.095956 -0.046180
v -0.021254 -0.095956 -0.051313
v -0.010835 -0.095956 -0.054473
v -0.000000 -0.141051 -0.084498
v 0.016485 -0.141051 -0.082875
v 0.032336 -0.141051 -0.078066
v 0.046945 -0.141051 -0.070258
v 0.059749 -0.141051 -0.059749
v 0.070258 -0.141051 -0.046945
v 0.078066 -0.141051 -0.032336
v 0.082875 -0.141051 -0.016485
v 0.084498 -0.141051 -0.000000
v 0.082875 -0.141051 0.016485
v 0.078066 -0.141051 0.032336
v 0.070258 -0.141051 0.046945
v 0.059749 -0.141051 0.059750
v 0.046945 -0.141051 0.070258
v 0.032336 -0.141051 0.078066
v 0.016485 -0.141051 0.082875
v -0.000000 -0.141051 0.084499
v -0.016485 -0.141051 0.082875
v -0.032336 -0.141051 0.078066
v -0.046945 -0.141051 0.070258
v -0.059749 -0.141051 0.059750
v -0.070258 -0.141051 0.046945
v -0.078066 -0.141051 0.032336
v -0.082875 -0.141051 0.016485
v -0.084498 -0.141051 -0.000000
v -0.082875 -0.141051 -0.016485
v -0.078066 -0.141051 -0.032336
v -0.070258 -0.141051 -0.046945
v -0.059749 -0.141051 -0.059749
v -0.046945 -0.141051 -0.070258
v -0.032336 -0.141051 -0.078066
v -0.016485 -0.141051 -0.082875
v -0.000000 -0.179579 -0.110926
v 0.021641 -0.179579 -0.108795
v 0.042450 -0.179579 -0.102483
v 0.061628 -0.179579 -0.092232
v 0.078437 -0.179579 -0.078437
v 0.092232 -0.179579 -0.061627
v 0.102483 -0.179579 -0.042450
v 0.108795 -0.179579 -0.021640
v 0.110927 -0.179579 -0.000000
v 0.108795 -0.179579 0.021641
v 0.102483 -0.179579 0.042450
v 0.092232 -0.179579 0.061628
v 0.078437 -0.179579 0.078437
v 0.061628 -0.179579 0.092232
v 0.042450 -0.179579 0.102483
v 0.021641 -0.179579 0.108795
v -0.000000 -0.179579 0.110927
v -0.021641 -0.179579 0.108795
v -0.042450 -0.179579 0.102483
v -0.061628 -0.179579 0.092232
v -0.078437 -0.179579 0.078437
v -0.092232 -0.179579 0.061628
v -0.102483 -0.179579 0.042450
v -0.108795 -0.179579 0.021641
v -0.110927 -0.179579 -0.000000
v -0.108795 -0.179579 -0.021641
v -0.102483 -0.179579 -0.042450
v -0.092232 -0.179579 -0.061627
v -0.078437 -0.179579 -0.078437
v -0.061627 -0.179579 -0.092232
v -0.042450 -0.179579 -0.102483
v -0.021641 -0.179579 -0.108795
v -0.000000 -0.208474 -0.126603
v 0.024699 -0.208474 -0.124170
v 0.048449 -0.208474 -0.116966
v 0.070337 -0.208474 -0.105266
v 0.089522 -0.208474 -0.089522
v 0.105267 -0.208474 -0.070337
v 0.116966 -0.208474 -0.048449
v 0.124170 -0.208474 -0.024699
v 0.126603 -0.208474 -0.000000
v 0.124170 -0.208474 0.024699
v 0.116966 -0.208474 0.048449
v 0.105267 -0.208474 0.070337
v 0.089522 -0.208474 0.089522
v 0.070337 -0.208474 0.105267
v 0.048449 -0.208474 0.116966
v 0.024699 -0.208474 0.124171
v -0.000000 -0.208474 0.126603
v -0.024699 -0.208474 0.124171
v -0.048449 -0.208474 0.116966
v -0.070337 -0.208474 0.105267
v -0.089522 -0.208474 0.089522
v -0.105267 -0.208474 0.070337
v -0.116966 -0.208474 0.048449
v -0.124170 -0.208474 0.024699
v -0.126603 -0.208474 -0.000000
v -0.124170 -0.208474 -0.024699
v -0.116966 -0.208474 -0.048449
v -0.105267 -0.208474 -0.070337
v -0.089522 -0.208474 -0.089522
v -0.070337 -0.208474 -0.105267
v -0.048449 -0.208474 -0.116966
v -0.024699 -0.208474 -0.124170
v -0.000000 -0.242186 -0.139391
v 0.027194 -0.242186 -0.136713
v 0.053343 -0.242186 -0.128781
v 0.077442 -0.242186 -0.115900
v 0.098565 -0.242186 -0.098564
v 0.115900 -0.242186 -0.077442
v 0.128781 -0.242186 -0.053343
v 0.136713 -0.242186 -0.027194
v 0.139391 -0.242186 -0.000000
v 0.136713 -0.242186 0.027194
v 0.128781 -0.242186 0.053343
v 0.115900 -0.242186 0.077442
v 0.098565 -0.242186 0.098565
v 0.077442 -0.242186 0.115900
v 0.053343 -0.242186 0.128781
v 0.027194 -0.242186 0.136713
v -0.000000 -0.242186 0.139392
v -0.027194 -0.242186 0.136713
v -0.053343 -0.242186 0.128781
v -0.077442 -0.242186 0.115900
v -0.098565 -0.242186 0.098565
v -0.115900 -0.242186 0.077442
v -0.128781 -0.242186 0.053343
v -0.136713 -0.242186 0.027194
v -0.139391 -0.242186 -0.000000
v -0.136713 -0.242186 -0.027194
v -0.128781 -0.242186 -0.053343
v -0.115900 -0.242186 -0.077442
v -0.098565 -0.242186 -0.098565
v -0.077442 -0.242186 -0.115900
v -0.053343 -0.242186 -0.128781
v -0.027194 -0.242186 -0.136713
v -0.000000 -0.271519 -0.143507
v 0.027997 -0.271519 -0.140750
v 0.054918 -0.271519 -0.132583
v 0.079728 -0.271519 -0.119322
v 0.101475 -0.271519 -0.101475
v 0.119322 -0.271519 -0.079728
v 0.132583 -0.271519 -0.054918
v 0.140750 -0.271519 -0.027997
v 0.143507 -0.271519 -0.000000
v 0.140750 -0.271519 0.027997
v 0.132583 -0.271519 0.054918
v 0.119322 -0.271519 0.079729
v 0.101475 -0.271519 0.101475
v 0.079728 -0.271519 0.119322
v 0.054918 -0.271519 0.132584
v 0.027997 -0.271519 0.140750
v -0.000000 -0.271519 0.143507
v -0.027997 -0.271519 0.140750
v -0.054918 -0.271519 0.132584
v -0.079728 -0.271519 0.119322
v -0.101475 -0.271519 0.101475
v -0.119322 -0.271519 0.079729
v -0.132583 -0.271519 0.054918
v -0.140750 -0.271519 0.027997
v -0.143507 -0.271519 -0.000000
v -0.140750 -0.271519 -0.027997
v -0.132583 -0.271519 -0.054918
v -0.119322 -0.271519 -0.079728
v -0.101475 -0.271519 -0.101475
v -0.079728 -0.271519 -0.119322
v -0.054918 -0.271519 -0.132583
v -0.027997 -0.271519 -0.140750
v -0.000000 -0.308296 -0.137245
v 0.026775 -0.308296 -0.134608
v 0.052522 -0.308296 -0.126798
v 0.076250 -0.308296 -0.114115
v 0.097047 -0.308296 -0.097047
v 0.114115 -0.308296 -0.076249
v 0.126798 -0.308296 -0.052521
v 0.134608 -0.308296 -0.026775
v 0.137246 -0.308296 -0.000000
v 0.134608 -0.308296 0.026775
v 0.126798 -0.308296 0.052522
v 0.114115 -0.308296 0.076250
v 0.097047 -0.308296 0.097047
v 0.076250 -0.308296 0.114116
v 0.052522 -0.308296 0.126799
v 0.026775 -0.308296 0.134609
v -0.000000 -0.308296 0.137246
v -0.026775 -0.308296 0.134609
v -0.052522 -0.308296 0.126798
v -0.076250 -0.308296 0.114116
v -0.097047 -0.308296 0.097047
v -0.114116 -0.308296 0.076250
v -0.126798 -0.308296 0.052522
v -0.134608 -0.308296 0.026775
v -0.137246 -0.308296 -0.000000
v -0.134608 -0.308296 -0.026775
v -0.126798 -0.308296 -0.052521
v -0.114115 -0.308296 -0.076250
v -0.097047 -0.308296 -0.097047
v -0.076249 -0.308296 -0.114115
v -0.052521 -0.308296 -0.126798
v -0.026775 -0.308296 -0.134608
v -0.000000 -0.333251 -0.126838
v 0.024745 -0.333251 -0.124401
v 0.048539 -0.333251 -0.117183
v 0.070468 -0.333251 -0.105462
v 0.089688 -0.333251 -0.089688
v 0.105462 -0.333251 -0.070467
v 0.117183 -0.333251 -0.048539
v 0.124401 -0.333251 -0.024745
v 0.126838 -0.333251 -0.000000
v 0.124401 -0.333251 0.024745
v 0.117183 -0.333251 0.048539
v 0.105462 -0.333251 0.070468
v 0.089688 -0.333251 0.089688
v 0.070468 -0.333251 0.105462
v 0.048539 -0.333251 0.117183
v 0.024745 -0.333251 0.124401
v -0.000000 -0.333251 0.126838
v -0.024745 -0.333251 0.124401
v -0.048539 -0.333251 0.117183
v -0.070468 -0.333251 0.105462
v -0.089688 -0.333251 0.089688
v -0.105462 -0.333251 0.070468
v -0.117183 -0.333251 0.048539
v -0.124401 -0.333251 0.024745
v -0.126838 -0.333251 -0.000000
v -0.124401 -0.333251 -0.024745
v -0.117183 -0.333251 -0.048539
v -0.105462 -0.333251 -0.070468
v -0.089688 -0.333251 -0.089688
v -0.070467 -0.333251 -0.105462
v -0.048539 -0.333251 -0.117183
v -0.024745 -0.333251 -0.124401
v -0.000000 -0.370448 -0.100628
v 0.019632 -0.370448 -0.098695
v 0.038509 -0.370448 -0.092968
v 0.055906 -0.370448 -0.083669
v 0.071155 -0.370448 -0.071155
v 0.083669 -0.370448 -0.055906
v 0.092969 -0.370448 -0.038509
v 0.098695 -0.370448 -0.019631
v 0.100628 -0.370448 -0.000000
v 0.098695 -0.370448 0.019632
v 0.092969 -0.370448 0.038509
v 0.083669 -0.370448 0.055906
v 0.071155 -0.370448 0.071155
v 0.055906 -0.370448 0.083670
v 0.038509 -0.370448 0.092969
v 0.019632 -0.370448 0.098695
v -0.000000 -0.370448 0.100629
v -0.019632 -0.370448 0.098695
v -0.038509 -0.370448 0.092969
v -0.055906 -0.370448 0.083670
v -0.071155 -0.370448 0.071155
v -0.083670 -0.370448 0.055906
v -0.092969 -0.370448 0.038509
v -0.098695 -0.370448 0.019632
v -0.100628 -0.370448 -0.000000
v -0.098695 -0.370448 -0.019631
v -0.092968 -0.370448 -0.038509
v -0.083669 -0.370448 -0.055906
v -0.071155 -0.370448 -0.071155
v -0.055906 -0.370448 -0.083669
v -0.038509 -0.370448 -0.092968
v -0.019632 -0.370448 -0.098695
v -0.000000 -0.383057 -0.079964
v 0.015600 -0.383057 -0.078428
v 0.030601 -0.383057 -0.073877
v 0.044426 -0.383057 -0.066488
v 0.056543 -0.383057 -0.056543
v 0.066488 -0.383057 -0.044426
v 0.073878 -0.383057 -0.030601
v 0.078428 -0.383057 -0.015600
v 0.079965 -0.383057 -0.000000
v 0.078428 -0.383057 0.015601
v 0.073878 -0.383057 0.030601
v 0.066488 -0.383057 0.044426
v 0.056543 -0.383057 0.056544
v 0.044426 -0.383057 0.066488
v 0.030601 -0.383057 0.073878
v 0.015600 -0.383057 0.078428
v -0.000000 -0.383057 0.079965
v -0.015600 -0.383057 0.078428
v -0.030601 -0.383057 0.073878
v -0.044426 -0.383057 0.066488
v -0.056544 -0.383057 0.056544
v -0.066488 -0.383057 0.044426
v -0.073878 -0.383057 0.030601
v -0.078428 -0.383057 0.015600
v -0.079965 -0.383057 -0.000000
v -0.078428 -0.383057 -0.015600
v -0.073878 -0.383057 -0.030601
v -0.066488 -0.383057 -0.044426
v -0.056543 -0.383057 -0.056543
v -0.044426 -0.383057 -0.066488
v -0.030601 -0.383057 -0.073878
v -0.015600 -0.383057 -0.078428
v -0.000000 -0.399475 -0.050707
v 0.009892 -0.399475 -0.049732
v 0.019405 -0.399475 -0.046847
v 0.028171 -0.399475 -0.042161
v 0.035855 -0.399475 -0.035855
v 0.042161 -0.399475 -0.028171
v 0.046847 -0.399475 -0.019404
v 0.049733 -0.399475 -0.009892
v 0.050707 -0.399475 -0.000000
v 0.049733 -0.399475 0.009893
v 0.046847 -0.399475 0.019405
v 0.042161 -0.399475 0.028171
v 0.035855 -0.399475 0.035855
v 0.028171 -0.399475 0.042161
v 0.019405 -0.399475 0.046847
v 0.009892 -0.399475 0.049733
v -0.000000 -0.399475 0.050707
v -0.009892 -0.399475 0.049733
v -0.019405 -0.399475 0.046847
v -0.028171 -0.399475 0.042161
v -0.035855 -0.399475 0.035855
v -0.042161 -0.399475 0.028171
v -0.046847 -0.399475 0.019405
v -0.049733 -0.399475 0.009893
v -0.050707 -0.399475 -0.000000
v -0.049733 -0.399475 -0.009892
v -0.046847 -0.399475 -0.019405
v -0.042161 -0.399475 -0.028171
v -0.035855 -0.399475 -0.035855
v -0.028171 -0.399475 -0.042161
v -0.019405 -0.399475 -0.046847
v -0.009892 -0.399475 -0.049732
v -0.000000 -0.408960 -0.019732
v 0.003850 -0.408960 -0.019353
v 0.007551 -0.408960 -0.018230
v 0.010963 -0.408960 -0.016407
v 0.013953 -0.408960 -0.013953
v 0.016407 -0.408960 -0.010962
v 0.018230 -0.408960 -0.007551
v 0.019353 -0.408960 -0.003849
v 0.019732 -0.408960 -0.000000
v 0.019353 -0.408960 0.003850
v 0.018230 -0.408960 0.007551
v 0.016407 -0.408960 0.010963
v 0.013953 -0.408960 0.013953
v 0.010963 -0.408960 0.016407
v 0.007551 -0.408960 0.018230
v 0.003850 -0.408960 0.019353
v -0.000000 -0.408960 0.019732
v -0.003850 -0.408960 0.019353
v -0.007551 -0.408960 0.018230
v -0.010963 -0.408960 0.016407
v -0.013953 -0.408960 0.013953
v -0.016407 -0.408960 0.010963
v -0.018230 -0.408960 0.007551
v -0.019353 -0.408960 0.003850
v -0.019732 -0.408960 -0.000000
v -0.019353 -0.408960 -0.003849
v -0.018230 -0.408960 -0.007551
v -0.016407 -0.408960 -0.010962
v -0.013953 -0.408960 -0.013953
v -0.010963 -0.408960 -0.016407
v -0.007551 -0.408960 -0.018230
v -0.003850 -0.408960 -0.019353
v -0.000000 -0.003466 -0.013299
v 0.001330 -0.003466 -0.012942
v 0.002303 -0.003466 -0.011969
v 0.002660 -0.003466 -0.010639
v 0.002303 -0.003466 -0.009309
v 0.001330 -0.003466 -0.008336
v -0.000000 -0.003466 -0.007979
v -0.001330 -0.003466 -0.008336
v -0.002303 -0.003466 -0.009309
v -0.002660 -0.003466 -0.010639
v -0.002303 -0.003466 -0.011969
v -0.001330 -0.003466 -0.012942
v -0.000000 -0.001730 -0.013185
v 0.001330 -0.001777 -0.012832
v 0.002303 -0.001904 -0.011866
v 0.002660 -0.002078 -0.010548
v 0.002303 -0.002251 -0.009229
v 0.001330 -0.002378 -0.008264
v -0.000000 -0.002425 -0.007911
v -0.001330 -0.002378 -0.008264
v -0.002303 -0.002251 -0.009229
v -0.002660 -0.002078 -0.010548
v -0.002303 -0.001904 -0.011866
v -0.001330 -0.001777 -0.012832
v -0.000000 -0.000024 -0.012846
v 0.001330 -0.000117 -0.012501
v 0.002303 -0.000369 -0.011561
v 0.002660 -0.000713 -0.010276
v 0.002303 -0.001057 -0.008992
v 0.001330 -0.001309 -0.008052
v -0.000000 -0.001401 -0.007707
v -0.001330 -0.001309 -0.008052
v -0.002303 -0.001057 -0.008992
v -0.002660 -0.000713 -0.010276
v -0.002303 -0.000369 -0.011561
v -0.001330 -0.000117 -0.012501
v -0.000000 0.001623 -0.012286
v 0.001330 0.001487 -0.011957
v 0.002303 0.001114 -0.011058
v 0.002660 0.000605 -0.009829
v 0.002303 0.000096 -0.008600
v 0.001330 -0.000276 -0.007701
v -0.000000 -0.000413 -0.007372
v -0.001330 -0.000276 -0.007701
v -0.002303 0.000096 -0.008600
v -0.002660 0.000605 -0.009829
v -0.002303 0.001114 -0.011058
v -0.001330 0.001487 -0.011957
v -0.000000 0.003183 -0.011517
v 0.001330 0.003005 -0.011208
v 0.002303 0.002518 -0.010365
v 0.002660 0.001853 -0.009214
v 0.002303 0.001188 -0.008062
v 0.001330 0.000702 -0.007219
v -0.000000 0.000523 -0.006910
v -0.001330 0.000702 -0.007219
v -0.002303 0.001188 -0.008062
v -0.002660 0.001853 -0.009214
v -0.002303 0.002518 -0.010365
v -0.001330 0.003005 -0.011208
v -0.000000 0.004630 -0.010551
v 0.001330 0.004413 -0.010268
v 0.002303 0.003820 -0.009496
v 0.002660 0.003010 -0.008440
v 0.002303 0.002201 -0.007385
v 0.001330 0.001608 -0.006613
v -0.000000 0.001391 -0.006330
v -0.001330 0.001608 -0.006613
v -0.002303 0.002201 -0.007385
v -0.002660 0.003010 -0.008440
v -0.002303 0.003820 -0.009496
v -0.001330 0.004413 -0.010268
v -0.000000 0.005937 -0.009404
v 0.001330 0.005685 -0.009152
v 0.002303 0.004997 -0.008463
v 0.002660 0.004057 -0.007523
v 0.002303 0.003116 -0.006583
v 0.001330 0.002428 -0.005894
v -0.000000 0.002176 -0.005642
v -0.001330 0.002428 -0.005894
v -0.002303 0.003116 -0.006583
v -0.002660 0.004057 -0.007523
v -0.002303 0.004997 -0.008463
v -0.001330 0.005685 -0.009152
v -0.000000 0.007084 -0.008096
v 0.001330 0.006802 -0.007879
v 0.002303 0.006029 -0.007286
v 0.002660 0.004974 -0.006477
v 0.002303 0.003919 -0.005667
v 0.001330 0.003147 -0.005074
v -0.000000 0.002864 -0.004857
v -0.001330 0.003147 -0.005074
v -0.002303 0.003919 -0.005667
v -0.002660 0.004974 -0.006477
v -0.002303 0.006029 -0.007286
v -0.001330 0.006802 -0.007879
v -0.000000 0.008051 -0.006649
v 0.001330 0.007742 -0.006471
v 0.002303 0.006899 -0.005984
v 0.002660 0.005747 -0.005319
v 0.002303 0.004596 -0.004655
v 0.001330 0.003753 -0.004168
v -0.000000 0.003444 -0.003990
v -0.001330 0.003753 -0.004168
v -0.002303 0.004596 -0.004655
v -0.002660 0.005747 -0.005319
v -0.002303 0.006899 -0.005984
v -0.001330 0.007742 -0.006471
v -0.000000 0.008820 -0.005089
v 0.001330 0.008491 -0.004953
v 0.002303 0.007592 -0.004580
v 0.002660 0.006363 -0.004071
v 0.002303 0.005134 -0.003562
v 0.001330 0.004235 -0.003190
v -0.000000 0.003906 -0.003053
v -0.001330 0.004235 -0.003190
v -0.002303 0.005134 -0.003562
v -0.002660 0.006363 -0.004071
v -0.002303 0.007592 -0.004580
v -0.001330 0.008491 -0.004953
v -0.000000 0.009379 -0.003442
v 0.001330 0.009035 -0.003350
v 0.002303 0.008095 -0.003098
v 0.002660 0.006810 -0.002754
v 0.002303 0.005526 -0.002409
v 0.001330 0.004585 -0.002157
v -0.000000 0.004241 -0.002065
v -0.001330 0.004585 -0.002157
v -0.002303 0.005526 -0.002409
v -0.002660 0.006810 -0.002754
v -0.002303 0.008095 -0.003098
v -0.001330 0.009035 -0.003350
v -0.000000 0.009719 -0.001736
v 0.001330 0.009366 -0.001689
v 0.002303 0.008400 -0.001562
v 0.002660 0.007082 -0.001389
v 0.002303 0.005763 -0.001215
v 0.001330 0.004798 -0.001088
v -0.000000 0.004445 -0.001041
v -0.001330 0.004798 -0.001088
v -0.002303 0.005763 -0.001215
v -0.002660 0.007082 -0.001389
v -0.002303 0.008400 -0.001562
v -0.001330 0.009366 -0.001689
v -0.000000 0.009833 -0.000000
v 0.001330 0.009476 -0.000000
v 0.002303 0.008503 -0.000000
v 0.002660 0.007173 -0.000000
v 0.002303 0.005843 -0.000000
v 0.001330 0.004869 -0.000000
v -0.000000 0.004513 -0.000000
v -0.001330 0.004869 -0.000000
v -0.002303 0.005843 -0.000000
v -0.002660 0.007173 -0.000000
v -0.002303 0.008503 -0.000000
v -0.001330 0.009476 -0.000000
v -0.000000 0.009719 0.001736
v 0.001330 0.009366 0.001689
v 0.002303 0.008400 0.001562
v 0.002660 0.007082 0.001389
v 0.002303 0.005763 0.001215
v 0.001330 0.004798 0.001088
v -0.000000 0.004445 0.001042
v -0.001330 0.004798 0.001088
v -0.002303 0.005763 0.001215
v -0.002660 0.007082 0.001389
v -0.002303 0.008400 0.001562
v -0.001330 0.009366 0.001689
v -0.000000 0.009379 0.003442
v 0.001330 0.009035 0.003350
v 0.002303 0.008095 0.003098
v 0.002660 0.006810 0.002754
v 0.002303 0.005526 0.002409
v 0.001330 0.004585 0.002158
v -0.000000 0.004241 0.002065
v -0.001330 0.004585 0.002158
v -0.002303 0.005526 0.002409
v -0.002660 0.006810 0.002754
v -0.002303 0.008095 0.003098
v -0.001330 0.009035 0.003350
v -0.000000 0.008820 0.005089
v 0.001330 0.008491 0.004953
v 0.002303 0.007592 0.004580
v 0.002660 0.006363 0.004072
v 0.002303 0.005134 0.003563
v 0.001330 0.004235 0.003190
v -0.000000 0.003906 0.003054
v -0.001330 0.004235 0.003190
v -0.002303 0.005134 0.003563
v -0.002660 0.006363 0.004072
v -0.002303 0.007592 0.004580
v -0.001330 0.008491 0.004953
v -0.000000 0.008051 0.006650
v 0.001330 0.007742 0.006471
v 0.002303 0.006899 0.005985
v 0.002660 0.005747 0.005320
v 0.002303 0.004596 0.004655
v 0.001330 0.003753 0.004168
v -0.000000 0.003444 0.003990
v -0.001330 0.003753 0.004168
v -0.002303 0.004596 0.004655
v -0.002660 0.005747 0.005320
v -0.002303 0.006899 0.005985
v -0.001330 0.007742 0.006471
v -0.000000 0.007084 0.008096
v 0.001330 0.006802 0.007879
v 0.002303 0.006029 0.007286
v 0.002660 0.004974 0.006477
v 0.002303 0.003919 0.005667
v 0.001330 0.003147 0.005075
v -0.000000 0.002864 0.004858
v -0.001330 0.003147 0.005075
v -0.002303 0.003919 0.005667
v -0.002660 0.004974 0.006477
v -0.002303 0.006029 0.007286
v -0.001330 0.006802 0.007879
v -0.000000 0.005937 0.009404
v 0.001330 0.005685 0.009152
v 0.002303 0.004997 0.008463
v 0.002660 0.004057 0.007523
v 0.002303 0.003116 0.006583
v 0.001330 0.002428 0.005894
v -0.000000 0.002176 0.005642
v -0.001330 0.002428 0.005894
v -0.002303 0.003116 0.006583
v -0.002660 0.004057 0.007523
v -0.002303 0.004997 0.008463
v -0.001330 0.005685 0.009152
v -0.000000 0.004630 0.010551
v 0.001330 0.004413 0.010268
v 0.002303 0.003820 0.009496
v 0.002660 0.003010 0.008441
v 0.002303 0.002201 0.007386
v 0.001330 0.001608 0.006613
v -0.000000 0.001391 0.006331
v -0.001330 0.001608 0.006613
v -0.002303 0.002201 0.007386
v -0.002660 0.003010 0.008441
v -0.002303 0.003820 0.009496
v -0.001330 0.004413 0.010268
v -0.000000 0.003183 0.011517
v 0.001330 0.003005 0.011209
v 0.002303 0.002518 0.010366
v 0.002660 0.001853 0.009214
v 0.002303 0.001188 0.008062
v 0.001330 0.000702 0.007219
v -0.000000 0.000523 0.006910
v -0.001330 0.000702 0.007219
v -0.002303 0.001188 0.008062
v -0.002660 0.001853 0.009214
v -0.002303 0.002518 0.010366
v -0.001330 0.003005 0.011209
v -0.000000 0.001623 0.012287
v 0.001330 0.001487 0.011957
v 0.002303 0.001114 0.011058
v 0.002660 0.000605 0.009829
v 0.002303 0.000096 0.008601
v 0.001330 -0.000276 0.007701
v -0.000000 -0.000413 0.007372
v -0.001330 -0.000276 0.007701
v -0.002303 0.000096 0.008601
v -0.002660 0.000605 0.009829
v -0.002303 0.001114 0.011058
v -0.001330 0.001487 0.011957
v -0.000000 -0.000024 0.012846
v 0.001330 -0.000117 0.012502
v 0.002303 -0.000369 0.011561
v 0.002660 -0.000713 0.010277
v 0.002303 -0.001057 0.008992
v 0.001330 -0.001309 0.008052
v -0.000000 -0.001401 0.007708
v -0.001330 -0.001309 0.008052
v -0.002303 -0.001057 0.008992
v -0.002660 -0.000713 0.010277
v -0.002303 -0.000369 0.011561
v -0.001330 -0.000117 0.012502
v -0.000000 -0.001730 0.013185
v 0.001330 -0.001777 0.012832
v 0.002303 -0.001904 0.011867
v 0.002660 -0.002078 0.010548
v 0.002303 -0.002251 0.009230
v 0.001330 -0.002378 0.008264
v -0.000000 -0.002425 0.007911
v -0.001330 -0.002378 0.008264
v -0.002303 -0.002251 0.009230
v -0.002660 -0.002078 0.010548
v -0.002303 -0.001904 0.011867
v -0.001330 -0.001777 0.012832
v -0.000000 -0.003466 0.013299
v 0.001330 -0.003466 0.012943
v 0.002303 -0.003466 0.011969
v 0.002660 -0.003466 0.010639
v 0.002303 -0.003466 0.009309
v 0.001330 -0.003466 0.008336
v -0.000000 -0.003466 0.007979
v -0.001330 -0.003466 0.008336
v -0.002303 -0.003466 0.009309
v -0.002660 -0.003466 0.010639
v -0.002303 -0.003466 0.011969
v -0.001330 -0.003466 0.012943
v -0.000000 -0.005202 0.013185
v 0.001330 -0.005156 0.012832
v 0.002303 -0.005029 0.011867
v 0.002660 -0.004855 0.010548
v 0.002303 -0.004681 0.009230
v 0.001330 -0.004554 0.008264
v -0.000000 -0.004508 0.007911
v -0.001330 -0.004554 0.008264
v -0.002303 -0.004681 0.009230
v -0.002660 -0.004855 0.010548
v -0.002303 -0.005029 0.011867
v -0.001330 -0.005156 0.012832
v -0.000000 -0.006908 0.012846
v 0.001330 -0.006816 0.012502
v 0.002303 -0.006564 0.011561
v 0.002660 -0.006220 0.010277
v 0.002303 -0.005876 0.008992
v 0.001330 -0.005624 0.008052
v -0.000000 -0.005532 0.007708
v -0.001330 -0.005624 0.008052
v -0.002303 -0.005876 0.008992
v -0.002660 -0.006220 0.010277
v -0.002303 -0.006564 0.011561
v -0.001330 -0.006816 0.012502
v -0.000000 -0.008556 0.012287
v 0.001330 -0.008419 0.011957
v 0.002303 -0.008047 0.011058
v 0.002660 -0.007538 0.009829
v 0.002303 -0.007029 0.008601
v 0.001330 -0.006656 0.007701
v -0.000000 -0.006520 0.007372
v -0.001330 -0.006656 0.007701
v -0.002303 -0.007029 0.008601
v -0.002660 -0.007538 0.009829
v -0.002303 -0.008047 0.011058
v -0.001330 -0.008419 0.011957
v -0.000000 -0.010116 0.011517
v 0.001330 -0.009938 0.011209
v 0.002303 -0.009451 0.010366
v 0.002660 -0.008786 0.009214
v 0.002303 -0.008121 0.008062
v 0.001330 -0.007634 0.007219
v -0.000000 -0.007456 0.006910
v -0.001330 -0.007634 0.007219
v -0.002303 -0.008121 0.008062
v -0.002660 -0.008786 0.009214
v -0.002303 -0.009451 0.010366
v -0.001330 -0.009938 0.011209
v -0.000000 -0.011562 0.010551
v 0.001330 -0.011345 0.010268
v 0.002303 -0.010753 0.009496
v 0.002660 -0.009943 0.008441
v 0.002303 -0.009133 0.007386
v 0.001330 -0.008541 0.006613
v -0.000000 -0.008324 0.006331
v -0.001330 -0.008541 0.006613
v -0.002303 -0.009133 0.007386
v -0.002660 -0.009943 0.008441
v -0.002303 -0.010753 0.009496
v -0.001330 -0.011345 0.010268
v -0.000000 -0.012870 0.009404
v 0.001330 -0.012618 0.009152
v 0.002303 -0.011930 0.008463
v 0.002660 -0.010989 0.007523
v 0.002303 -0.010049 0.006583
v 0.001330 -0.009361 0.005894
v -0.000000 -0.009109 0.005642
v -0.001330 -0.009361 0.005894
v -0.002303 -0.010049 0.006583
v -0.002660 -0.010989 0.007523
v -0.002303 -0.011930 0.008463
v -0.001330 -0.012618 0.009152
v -0.000000 -0.014017 0.008096
v 0.001330 -0.013734 0.007879
v 0.002303 -0.012962 0.007286
v 0.002660 -0.011907 0.006477
v 0.002303 -0.010852 0.005667
v 0.001330 -0.010079 0.005075
v -0.000000 -0.009797 0.004858
v -0.001330 -0.010079 0.005075
v -0.002303 -0.010852 0.005667
v -0.002660 -0.011907 0.006477
v -0.002303 -0.012962 0.007286
v -0.001330 -0.013734 0.007879
v -0.000000 -0.014983 0.006650
v 0.001330 -0.014675 0.006471
v 0.002303 -0.013832 0.005985
v 0.002660 -0.012680 0.005320
v 0.002303 -0.011528 0.004655
v 0.001330 -0.010685 0.004168
v -0.000000 -0.010377 0.003990
v -0.001330 -0.010685 0.004168
v -0.002303 -0.011528 0.004655
v -0.002660 -0.012680 0.005320
v -0.002303 -0.013832 0.005985
v -0.001330 -0.014675 0.006471
v -0.000000 -0.015753 0.005089
v 0.001330 -0.015424 0.004953
v 0.002303 -0.014524 0.004580
v 0.002660 -0.013296 0.004072
v 0.002303 -0.012067 0.003563
v 0.001330 -0.011167 0.003190
v -0.000000 -0.010838 0.003054
v -0.001330 -0.011167 0.003190
v -0.002303 -0.012067 0.003563
v -0.002660 -0.013296 0.004072
v -0.002303 -0.014524 0.004580
v -0.001330 -0.015424 0.004953
v -0.000000 -0.016312 0.003442
v 0.001330 -0.015968 0.003350
v 0.002303 -0.015027 0.003098
v 0.002660 -0.013743 0.002754
v 0.002303 -0.012458 0.002410
v 0.001330 -0.011518 0.002158
v -0.000000 -0.011174 0.002065
v -0.001330 -0.011518 0.002158
v -0.002303 -0.012458 0.002410
v -0.002660 -0.013743 0.002754
v -0.002303 -0.015027 0.003098
v -0.001330 -0.015968 0.003350
v -0.000000 -0.016651 0.001736
v 0.001330 -0.016298 0.001689
v 0.002303 -0.015333 0.001562
v 0.002660 -0.014014 0.001389
v 0.002303 -0.012696 0.001215
v 0.001330 -0.011731 0.001088
v -0.000000 -0.011377 0.001042
v -0.001330 -0.011731 0.001088
v -0.002303 -0.012696 0.001215
v -0.002660 -0.014014 0.001389
v -0.002303 -0.015333 0.001562
v -0.001330 -0.016298 0.001689
v -0.000000 -0.016765 -0.000000
v 0.001330 -0.016409 -0.000000
v 0.002303 -0.015435 -0.000000
v 0.002660 -0.014105 -0.000000
v 0.002303 -0.012776 -0.000000
v 0.001330 -0.011802 -0.000000
v -0.000000 -0.011446 -0.000000
v -0.001330 -0.011802 -0.000000
v -0.002303 -0.012776 -0.000000
v -0.002660 -0.014105 -0.000000
v -0.002303 -0.015435 -0.000000
v -0.001330 -0.016409 -0.000000
v -0.000000 -0.016651 -0.001736
v 0.001330 -0.016298 -0.001689
v 0.002303 -0.015333 -0.001562
v 0.002660 -0.014014 -0.001389
v 0.002303 -0.012696 -0.001215
v 0.001330 -0.011731 -0.001088
v -0.000000 -0.011377 -0.001041
v -0.001330 -0.011731 -0.001088
v -0.002303 -0.012696 -0.001215
v -0.002660 -0.014014 -0.001389
v -0.002303 -0.015333 -0.001562
v -0.001330 -0.016298 -0.001689
v -0.000000 -0.016312 -0.003442
v 0.001330 -0.015968 -0.003350
v 0.002303 -0.015027 -0.003098
v 0.002660 -0.013743 -0.002754
v 0.002303 -0.012458 -0.002409
v 0.001330 -0.011518 -0.002157
v -0.000000 -0.011174 -0.002065
v -0.001330 -0.011518 -0.002157
v -0.002303 -0.012458 -0.002409
v -0.002660 -0.013743 -0.002754
v -0.002303 -0.015027 -0.003098
v -0.001330 -0.015968 -0.003350
v -0.000000 -0.015753 -0.005089
v 0.001330 -0.015424 -0.004953
v 0.002303 -0.014524 -0.004580
v 0.002660 -0.013296 -0.004071
v 0.002303 -0.012067 -0.003562
v 0.001330 -0.011167 -0.003190
v -0.000000 -0.010838 -0.003053
v -0.001330 -0.011167 -0.003190
v -0.002303 -0.012067 -0.003562
v -0.002660 -0.013296 -0.004071
v -0.002303 -0.014524 -0.004580
v -0.001330 -0.015424 -0.004953
v -0.000000 -0.014983 -0.006649
v 0.001330 -0.014675 -0.006471
v 0.002303 -0.013832 -0.005984
v 0.002660 -0.012680 -0.005319
v 0.002303 -0.011528 -0.004655
v 0.001330 -0.010685 -0.004168
v -0.000000 -0.010377 -0.003990
v -0.001330 -0.010685 -0.004168
v -0.002303 -0.011528 -0.004655
v -0.002660 -0.012680 -0.005319
v -0.002303 -0.013832 -0.005984
v -0.001330 -0.014675 -0.006471
v -0.000000 -0.014017 -0.008096
v 0.001330 -0.013734 -0.007879
v 0.002303 -0.012962 -0.007286
v 0.002660 -0.011907 -0.006477
v 0.002303 -0.010852 -0.005667
v 0.001330 -0.010079 -0.005074
v -0.000000 -0.009797 -0.004857
v -0.001330 -0.010079 -0.005074
v -0.002303 -0.010852 -0.005667
v -0.002660 -0.011907 -0.006477
v -0.002303 -0.012962 -0.007286
v -0.001330 -0.013734 -0.007879
v -0.000000 -0.012870 -0.009404
v 0.001330 -0.012618 -0.009152
v 0.002303 -0.011930 -0.008463
v 0.002660 -0.010989 -0.007523
v 0.002303 -0.010049 -0.006583
v 0.001330 -0.009361 -0.005894
v -0.000000 -0.009109 -0.005642
v -0.001330 -0.009361 -0.005894
v -0.002303 -0.010049 -0.006583
v -0.002660 -0.010989 -0.007523
v -0.002303 -0.011930 -0.008463
v -0.001330 -0.012618 -0.009152
v -0.000000 -0.011562 -0.010551
v 0.001330 -0.011345 -0.010268
v 0.002303 -0.010753 -0.009496
v 0.002660 -0.009943 -0.008440
v 0.002303 -0.009133 -0.007385
v 0.001330 -0.008541 -0.006613
v -0.000000 -0.008324 -0.006330
v -0.001330 -0.008541 -0.006613
v -0.002303 -0.009133 -0.007385
v -0.002660 -0.009943 -0.008440
v -0.002303 -0.010753 -0.009496
v -0.001330 -0.011345 -0.010268
v -0.000000 -0.010116 -0.011517
v 0.001330 -0.009938 -0.011208
v 0.002303 -0.009451 -0.010365
v 0.002660 -0.008786 -0.009214
v 0.002303 -0.008121 -0.008062
v 0.001330 -0.007634 -0.007219
v -0.000000 -0.007456 -0.006910
v -0.001330 -0.007634 -0.007219
v -0.002303 -0.008121 -0.008062
v -0.002660 -0.008786 -0.009214
v -0.002303 -0.009451 -0.010365
v -0.001330 -0.009938 -0.011208
v -0.000000 -0.008556 -0.012286
v 0.001330 -0.008419 -0.011957
v 0.002303 -0.008047 -0.011058
v 0.002660 -0.007538 -0.009829
v 0.002303 -0.007029 -0.008600
v 0.001330 -0.006656 -0.007701
v -0.000000 -0.006520 -0.007372
v -0.001330 -0.006656 -0.007701
v -0.002303 -0.007029 -0.008600
v -0.002660 -0.007538 -0.009829
v -0.002303 -0.008047 -0.011058
v -0.001330 -0.008419 -0.011957
v -0.000000 -0.006908 -0.012846
v 0.001330 -0.006816 -0.012501
v 0.002303 -0.006564 -0.011561
v 0.002660 -0.006220 -0.010276
v 0.002303 -0.005876 -0.008992
v 0.001330 -0.005624 -0.008052
v -0.000000 -0.005532 -0.007707
v -0.001330 -0.005624 -0.008052
v -0.002303 -0.005876 -0.008992
v -0.002660 -0.006220 -0.010276
v -0.002303 -0.006564 -0.011561
v -0.001330 -0.006816 -0.012501
v -0.000000 -0.005202 -0.013185
v 0.001330 -0.005156 -0.012832
v 0.002303 -0.005029 -0.011866
v 0.002660 -0.004855 -0.010548
v 0.002303 -0.004681 -0.009229
v 0.001330 -0.004554 -0.008264
v -0.000000 -0.004508 -0.007911
v -0.001330 -0.004554 -0.008264
v -0.002303 -0.004681 -0.009229
v -0.002660 -0.004855 -0.010548
v -0.002303 -0.005029 -0.011866
v -0.001330 -0.005156 -0.012832
vn -0.0000 0.2184 -0.9759
vn -0.0000 0.7473 -0.6644
vn 0.1296 0.7474 -0.6516
vn 0.1904 0.2184 -0.9571
vn 0.2543 0.7474 -0.6138
vn 0.3735 0.2184 -0.9016
vn 0.3691 0.7474 -0.5524
vn 0.5421 0.2184 -0.8114
vn 0.4698 0.7474 -0.4698
vn 0.6900 0.2184 -0.6900
vn 0.5524 0.7474 -0.3691
vn 0.8114 0.2184 -0.5421
vn 0.6138 0.7474 -0.2543
vn 0.9016 0.2184 -0.3734
vn 0.6516 0.7474 -0.1297
vn 0.9571 0.2184 -0.1904
vn 0.6644 0.7474 -0.0000
vn 0.9758 0.2184 -0.0000
vn 0.6516 0.7474 0.1297
vn 0.9571 0.2184 0.1904
vn 0.6138 0.7474 0.2543
vn 0.9016 0.2184 0.3734
vn 0.5524 0.7474 0.3691
vn 0.8114 0.2184 0.5421
vn 0.4698 0.7474 0.4698
vn 0.6900 0.2184 0.6900
vn 0.3691 0.7474 0.5524
vn 0.5422 0.2184 0.8114
vn 0.2543 0.7474 0.6138
vn 0.3734 0.2184 0.9016
vn 0.1297 0.7474 0.6516
vn 0.1904 0.2184 0.9571
vn -0.0000 0.7474 0.6644
vn -0.0000 0.2184 0.9758
vn -0.1297 0.7474 0.6516
vn -0.1904 0.2184 0.9571
vn -0.2543 0.7474 0.6138
vn -0.3734 0.2184 0.9016
vn -0.3691 0.7474 0.5524
vn -0.5422 0.2184 0.8114
vn -0.4698 0.7474 0.4698
vn -0.6900 0.2184 0.6900
vn -0.5524 0.7474 0.3691
vn -0.8114 0.2184 0.5421
vn -0.6138 0.7474 0.2543
vn -0.9016 0.2184 0.3734
vn -0.6516 0.7474 0.1297
vn -0.9571 0.2184 0.1904
vn -0.6644 0.7474 -0.0000
vn -0.9758 0.2184 -0.0000
vn -0.6516 0.7474 -0.1297
vn -0.9571 0.2184 -0.1904
vn -0.6138 0.7474 -0.2543
vn -0.9016 0.2184 -0.3734
vn -0.5524 0.7474 -0.3691
vn -0.8114 0.2184 -0.5421
vn -0.4698 0.7474 -0.4698
vn -0.6900 0.2184 -0.6900
vn -0.3691 0.7474 -0.5524
vn -0.5421 0.2184 -0.8114
vn -0.2543 0.7474 -0.6138
vn -0.3734 0.2184 -0.9016
vn -0.1296 0.7474 -0.6516
vn -0.1904 0.2184 -0.9571
vn -0.5286 0.3076 -0.7912
vn -0.6728 0.3076 -0.6728
vn -0.3641 0.3075 -0.8791
vn -0.3496 0.4068 -0.8440
vn -0.5075 0.4068 -0.7596
vn -0.9332 0.3075 -0.1857
vn -0.9515 0.3075 -0.0000
vn -0.7912 0.3076 0.5286
vn -0.6728 0.3076 0.6728
vn -0.1856 0.3075 0.9333
vn -0.0000 0.3075 0.9515
vn 0.5286 0.3076 0.7912
vn 0.6728 0.3076 0.6728
vn 0.7912 0.3076 -0.5286
vn 0.6728 0.3076 -0.6729
vn 0.9332 0.3075 0.1857
vn 0.9515 0.3075 -0.0000
vn -0.0000 0.3076 -0.9515
vn -0.1857 0.3076 -0.9332
vn -0.7912 0.3076 -0.5286
vn -0.9332 0.3075 0.1857
vn -0.5286 0.3076 0.7912
vn 0.1856 0.3075 0.9333
vn 0.9332 0.3075 -0.1857
vn 0.7912 0.3076 0.5286
vn 0.5286 0.3075 -0.7912
vn -0.8791 0.3075 -0.3641
vn -0.8791 0.3075 0.3641
vn -0.3641 0.3076 0.8791
vn 0.8791 0.3075 0.3641
vn 0.3642 0.3075 -0.8791
vn 0.3641 0.3076 0.8791
vn 0.8791 0.3075 -0.3641
vn 0.1857 0.3076 -0.9332
vn -0.3313 0.5004 -0.7999
vn -0.4810 0.5004 -0.7199
vn -0.8440 0.4068 -0.3496
vn -0.8960 0.4068 -0.1782
vn -0.8440 0.4068 0.3496
vn -0.7596 0.4068 0.5075
vn -0.3496 0.4068 0.8440
vn -0.1782 0.4068 0.8960
vn 0.8440 0.4068 -0.3496
vn 0.7596 0.4068 -0.5075
vn 0.3496 0.4068 -0.8440
vn 0.1782 0.4068 -0.8960
vn 0.3496 0.4068 0.8440
vn 0.5075 0.4068 0.7596
vn 0.8440 0.4068 0.3496
vn 0.8960 0.4068 0.1782
vn -0.1782 0.4068 -0.8960
vn -0.7596 0.4068 -0.5075
vn -0.8960 0.4068 0.1782
vn -0.5075 0.4068 0.7596
vn 0.7596 0.4068 0.5075
vn 0.8960 0.4068 -0.1782
vn 0.5075 0.4068 -0.7596
vn 0.1782 0.4068 0.8960
vn -0.0000 0.4068 -0.9135
vn -0.6460 0.4068 -0.6460
vn -0.9135 0.4068 -0.0000
vn -0.6460 0.4068 0.6459
vn -0.0000 0.4068 0.9135
vn 0.6460 0.4068 0.6459
vn 0.9135 0.4068 -0.0000
vn 0.6459 0.4068 -0.6460
vn -0.3187 0.5535 -0.7695
vn -0.4627 0.5535 -0.6925
vn -0.7999 0.5004 -0.3313
vn -0.8492 0.5004 -0.1689
vn -0.7999 0.5004 0.3313
vn -0.7199 0.5004 0.4810
vn -0.3313 0.5004 0.7999
vn -0.1689 0.5004 0.8492
vn 0.3313 0.5004 -0.7999
vn 0.1689 0.5004 -0.8492
vn 0.3313 0.5004 0.7999
vn 0.4810 0.5004 0.7199
vn 0.7999 0.5004 0.3313
vn 0.8492 0.5004 0.1689
vn 0.7999 0.5004 -0.3313
vn 0.7199 0.5004 -0.4810
vn -0.1689 0.5004 -0.8492
vn -0.7199 0.5004 -0.4810
vn -0.8492 0.5004 0.1689
vn -0.4810 0.5004 0.7199
vn 0.8492 0.5004 -0.1689
vn 0.4810 0.5004 -0.7199
vn 0.1689 0.5004 0.8492
vn 0.7199 0.5004 0.4810
vn -0.0000 0.5004 -0.8658
vn -0.6122 0.5004 -0.6122
vn -0.8658 0.5004 -0.0000
vn -0.6122 0.5004 0.6122
vn 0.6122 0.5004 0.6122
vn 0.8658 0.5004 -0.0000
vn 0.6122 0.5004 -0.6122
vn -0.0000 0.5004 0.8658
vn -0.3268 0.5205 -0.7888
vn -0.4744 0.5205 -0.7099
vn -0.7695 0.5535 -0.3187
vn -0.8168 0.5535 -0.1625
vn -0.7695 0.5535 0.3187
vn -0.6925 0.5535 0.4627
vn -0.3187 0.5535 0.7695
vn -0.1625 0.5535 0.8168
vn 0.3187 0.5535 0.7695
vn 0.4627 0.5535 0.6925
vn 0.7695 0.5535 0.3187
vn 0.8168 0.5535 0.1625
vn 0.7695 0.5535 -0.3187
vn 0.6925 0.5535 -0.4627
vn 0.3187 0.5535 -0.7695
vn 0.1625 0.5535 -0.8168
vn -0.1625 0.5535 -0.8168
vn -0.6925 0.5535 -0.4627
vn -0.8168 0.5535 0.1625
vn -0.4627 0.5535 0.6925
vn 0.4627 0.5535 -0.6925
vn 0.1625 0.5535 0.8168
vn 0.6925 0.5535 0.4627
vn 0.8168 0.5535 -0.1625
vn -0.0000 0.5535 -0.8329
vn -0.5889 0.5535 -0.5889
vn -0.8328 0.5535 -0.0000
vn -0.5889 0.5535 0.5889
vn 0.8328 0.5535 -0.0000
vn 0.5889 0.5535 -0.5889
vn -0.0000 0.5535 0.8329
vn 0.5889 0.5535 0.5889
vn -0.3481 0.4151 -0.8405
vn -0.5054 0.4151 -0.7564
vn -0.7888 0.5205 -0.3268
vn -0.8374 0.5205 -0.1666
vn -0.7888 0.5205 0.3267
vn -0.7099 0.5205 0.4744
vn -0.3267 0.5205 0.7888
vn -0.1666 0.5205 0.8374
vn 0.3267 0.5205 0.7888
vn 0.4744 0.5205 0.7099
vn 0.7888 0.5205 0.3267
vn 0.8374 0.5205 0.1666
vn 0.7888 0.5205 -0.3267
vn 0.7099 0.5205 -0.4744
vn 0.3268 0.5205 -0.7888
vn 0.1666 0.5205 -0.8374
vn -0.1666 0.5205 -0.8374
vn -0.7099 0.5205 -0.4744
vn -0.8374 0.5205 0.1666
vn -0.4744 0.5205 0.7099
vn 0.1666 0.5205 0.8374
vn 0.7099 0.5205 0.4744
vn 0.8374 0.5205 -0.1666
vn 0.4744 0.5205 -0.7099
vn -0.0000 0.5205 -0.8538
vn -0.6038 0.5205 -0.6038
vn -0.8538 0.5205 -0.0000
vn -0.6038 0.5205 0.6038
vn 0.6038 0.5205 -0.6038
vn -0.0000 0.5205 0.8538
vn 0.6038 0.5205 0.6038
vn 0.8538 0.5205 -0.0000
vn -0.3709 0.2467 -0.8953
vn -0.5384 0.2467 -0.8058
vn -0.8405 0.4151 -0.3481
vn -0.8923 0.4151 -0.1775
vn -0.8405 0.4151 0.3481
vn -0.7564 0.4151 0.5054
vn -0.3481 0.4151 0.8405
vn -0.1775 0.4151 0.8923
vn 0.8405 0.4151 0.3481
vn 0.8923 0.4151 0.1775
vn 0.8405 0.4151 -0.3481
vn 0.7564 0.4151 -0.5054
vn 0.3481 0.4151 -0.8405
vn 0.1775 0.4151 -0.8923
vn 0.3481 0.4151 0.8405
vn 0.5054 0.4151 0.7564
vn -0.1775 0.4151 -0.8923
vn -0.7564 0.4151 -0.5054
vn -0.8923 0.4151 0.1775
vn -0.5054 0.4151 0.7564
vn 0.1775 0.4151 0.8923
vn 0.7564 0.4151 0.5054
vn 0.8923 0.4151 -0.1775
vn 0.5054 0.4151 -0.7564
vn -0.0000 0.4151 -0.9098
vn -0.6433 0.4151 -0.6433
vn -0.9098 0.4151 -0.0000
vn -0.6433 0.4151 0.6433
vn -0.0000 0.4151 0.9098
vn 0.6433 0.4151 0.6433
vn 0.9098 0.4151 -0.0000
vn 0.6433 0.4151 -0.6433
vn -0.3826 -0.0145 -0.9238
vn -0.5555 -0.0145 -0.8314
vn -0.8953 0.2467 -0.3709
vn -0.9505 0.2467 -0.1891
vn -0.8953 0.2467 0.3708
vn -0.8058 0.2467 0.5384
vn -0.3709 0.2467 0.8953
vn -0.1891 0.2467 0.9505
vn 0.8953 0.2467 -0.3709
vn 0.8058 0.2467 -0.5384
vn 0.3709 0.2467 -0.8953
vn 0.1891 0.2467 -0.9505
vn 0.3709 0.2467 0.8953
vn 0.5384 0.2467 0.8058
vn 0.8953 0.2467 0.3708
vn 0.9505 0.2467 0.1891
vn -0.1891 0.2467 -0.9505
vn -0.8058 0.2467 -0.5384
vn -0.9505 0.2467 0.1891
vn -0.5384 0.2467 0.8058
vn 0.8058 0.2467 0.5384
vn 0.9505 0.2467 -0.1891
vn 0.5384 0.2467 -0.8058
vn 0.1891 0.2467 0.9505
vn -0.0000 0.2467 -0.9691
vn -0.6853 0.2467 -0.6853
vn -0.9691 0.2467 -0.0000
vn -0.6852 0.2467 0.6853
vn -0.0000 0.2467 0.9691
vn 0.6852 0.2467 0.6853
vn 0.9691 0.2467 -0.0000
vn 0.6853 0.2467 -0.6853
vn -0.3678 -0.2763 -0.8879
vn -0.5339 -0.2763 -0.7991
vn -0.9238 -0.0145 -0.3826
vn -0.9807 -0.0145 -0.1951
vn -0.9238 -0.0145 0.3826
vn -0.8314 -0.0145 0.5555
vn -0.3826 -0.0145 0.9238
vn -0.1951 -0.0145 0.9807
vn 0.3826 -0.0145 -0.9238
vn 0.1951 -0.0145 -0.9807
vn 0.3826 -0.0145 0.9238
vn 0.5555 -0.0145 0.8314
vn 0.9238 -0.0145 0.3826
vn 0.9807 -0.0145 0.1951
vn 0.9238 -0.0145 -0.3826
vn 0.8314 -0.0145 -0.5555
vn -0.1951 -0.0145 -0.9807
vn -0.8314 -0.0145 -0.5555
vn -0.9807 -0.0145 0.1951
vn -0.5555 -0.0145 0.8314
vn 0.9807 -0.0145 -0.1951
vn 0.5555 -0.0145 -0.8314
vn 0.1951 -0.0145 0.9807
vn 0.8314 -0.0145 0.5555
vn -0.0000 -0.0145 -0.9999
vn -0.7070 -0.0145 -0.7070
vn -0.9999 -0.0145 -0.0000
vn -0.7070 -0.0145 0.7070
vn 0.7070 -0.0145 0.7070
vn 0.9999 -0.0145 -0.0000
vn 0.7070 -0.0145 -0.7070
vn -0.0000 -0.0145 0.9999
vn -0.3356 -0.4805 -0.8102
vn -0.4872 -0.4805 -0.7292
vn -0.8879 -0.2763 -0.3678
vn -0.9426 -0.2763 -0.1875
vn -0.8879 -0.2763 0.3678
vn -0.7991 -0.2763 0.5339
vn -0.3678 -0.2763 0.8879
vn -0.1875 -0.2763 0.9426
vn 0.3678 -0.2763 0.8879
vn 0.5340 -0.2763 0.7991
vn 0.8879 -0.2763 0.3678
vn 0.9426 -0.2763 0.1875
vn 0.8879 -0.2763 -0.3678
vn 0.7991 -0.2763 -0.5339
vn 0.3678 -0.2763 -0.8879
vn 0.1875 -0.2763 -0.9426
vn -0.1875 -0.2763 -0.9426
vn -0.7991 -0.2763 -0.5339
vn -0.9426 -0.2763 0.1875
vn -0.5339 -0.2763 0.7991
vn 0.5339 -0.2763 -0.7991
vn 0.1875 -0.2763 0.9426
vn 0.7991 -0.2763 0.5339
vn 0.9426 -0.2763 -0.1875
vn -0.0000 -0.2763 -0.9611
vn -0.6796 -0.2763 -0.6796
vn -0.9611 -0.2763 -0.0000
vn -0.6796 -0.2763 0.6796
vn 0.9611 -0.2763 -0.0000
vn 0.6796 -0.2763 -0.6796
vn -0.0000 -0.2763 0.9611
vn 0.6796 -0.2763 0.6796
vn -0.2641 -0.7238 -0.6375
vn -0.3834 -0.7238 -0.5738
vn -0.8102 -0.4805 -0.3356
vn -0.8602 -0.4805 -0.1711
vn -0.8103 -0.4805 0.3356
vn -0.7292 -0.4805 0.4872
vn -0.3356 -0.4805 0.8102
vn -0.1711 -0.4805 0.8602
vn 0.3356 -0.4805 0.8102
vn 0.4872 -0.4805 0.7292
vn 0.8102 -0.4805 0.3356
vn 0.8602 -0.4805 0.1711
vn 0.8102 -0.4805 -0.3356
vn 0.7292 -0.4805 -0.4872
vn 0.3356 -0.4805 -0.8102
vn 0.1711 -0.4805 -0.8602
vn -0.1711 -0.4805 -0.8602
vn -0.7292 -0.4805 -0.4872
vn -0.8602 -0.4805 0.1711
vn -0.4872 -0.4805 0.7292
vn 0.1711 -0.4805 0.8601
vn 0.7292 -0.4805 0.4872
vn 0.8602 -0.4805 -0.1711
vn 0.4872 -0.4805 -0.7292
vn -0.0000 -0.4805 -0.8770
vn -0.6201 -0.4805 -0.6201
vn -0.8770 -0.4805 -0.0000
vn -0.6201 -0.4805 0.6201
vn 0.6201 -0.4805 -0.6201
vn -0.0000 -0.4805 0.8770
vn 0.6201 -0.4805 0.6201
vn 0.8770 -0.4805 -0.0000
vn -0.1937 -0.8625 -0.4675
vn -0.2812 -0.8625 -0.4208
vn -0.6375 -0.7238 -0.2641
vn -0.6768 -0.7238 -0.1346
vn -0.6375 -0.7238 0.2641
vn -0.5738 -0.7238 0.3834
vn -0.2641 -0.7238 0.6375
vn -0.1346 -0.7238 0.6768
vn 0.6375 -0.7238 0.2641
vn 0.6768 -0.7238 0.1346
vn 0.6375 -0.7238 -0.2641
vn 0.5738 -0.7238 -0.3834
vn 0.2641 -0.7238 -0.6375
vn 0.1346 -0.7238 -0.6768
vn 0.2641 -0.7238 0.6375
vn 0.3834 -0.7238 0.5738
vn -0.1346 -0.7238 -0.6768
vn -0.5738 -0.7238 -0.3834
vn -0.6768 -0.7238 0.1346
vn -0.3834 -0.7238 0.5738
vn 0.1346 -0.7238 0.6768
vn 0.5738 -0.7238 0.3834
vn 0.6768 -0.7238 -0.1346
vn 0.3834 -0.7238 -0.5738
vn -0.0000 -0.7238 -0.6901
vn -0.4879 -0.7238 -0.4879
vn -0.6901 -0.7238 -0.0000
vn -0.4879 -0.7238 0.4879
vn -0.0000 -0.7238 0.6901
vn 0.4879 -0.7238 0.4879
vn 0.6901 -0.7238 -0.0000
vn 0.4879 -0.7238 -0.4879
vn -0.1527 -0.9170 -0.3686
vn -0.2217 -0.9170 -0.3317
vn -0.4675 -0.8625 -0.1937
vn -0.4963 -0.8625 -0.0987
vn -0.4675 -0.8625 0.1937
vn -0.4208 -0.8625 0.2811
vn -0.1937 -0.8625 0.4675
vn -0.0987 -0.8625 0.4963
vn 0.4675 -0.8625 -0.1937
vn 0.4208 -0.8625 -0.2812
vn 0.1937 -0.8625 -0.4675
vn 0.0987 -0.8625 -0.4963
vn 0.1937 -0.8625 0.4675
vn 0.2812 -0.8625 0.4208
vn 0.4675 -0.8625 0.1937
vn 0.4963 -0.8625 0.0987
vn -0.0987 -0.8625 -0.4963
vn -0.4208 -0.8625 -0.2812
vn -0.4963 -0.8625 0.0987
vn -0.2811 -0.8625 0.4208
vn 0.4208 -0.8625 0.2812
vn 0.4963 -0.8625 -0.0987
vn 0.2812 -0.8625 -0.4208
vn 0.0987 -0.8625 0.4963
vn -0.0000 -0.8625 -0.5061
vn -0.3578 -0.8625 -0.3578
vn -0.5061 -0.8625 -0.0000
vn -0.3578 -0.8625 0.3578
vn -0.0000 -0.8625 0.5061
vn 0.3578 -0.8625 0.3578
vn 0.5061 -0.8625 -0.0000
vn 0.3578 -0.8625 -0.3578
vn -0.0601 -0.9876 -0.1451
vn -0.0873 -0.9876 -0.1306
vn -0.3686 -0.9170 -0.1527
vn -0.3913 -0.9170 -0.0778
vn -0.3686 -0.9170 0.1527
vn -0.3317 -0.9170 0.2216
vn -0.1527 -0.9170 0.3686
vn -0.0778 -0.9170 0.3913
vn 0.1527 -0.9170 -0.3686
vn 0.0778 -0.9170 -0.3913
vn 0.1527 -0.9170 0.3686
vn 0.2216 -0.9170 0.3317
vn 0.3686 -0.9170 0.1527
vn 0.3913 -0.9170 0.0778
vn 0.3686 -0.9170 -0.1527
vn 0.3317 -0.9170 -0.2216
vn -0.0778 -0.9170 -0.3913
vn -0.3317 -0.9170 -0.2217
vn -0.3913 -0.9170 0.0778
vn -0.2216 -0.9170 0.3317
vn 0.3913 -0.9170 -0.0778
vn 0.2216 -0.9170 -0.3317
vn 0.0778 -0.9170 0.3913
vn 0.3317 -0.9170 0.2216
vn -0.0000 -0.9170 -0.3990
vn -0.2821 -0.9170 -0.2821
vn -0.3989 -0.9170 -0.0000
vn -0.2821 -0.9170 0.2821
vn 0.2821 -0.9170 0.2821
vn 0.3989 -0.9170 -0.0000
vn 0.2821 -0.9170 -0.2821
vn -0.0000 -0.9170 0.3989
vn -0.0000 -0.9876 -0.1570
vn 0.0306 -0.9876 -0.1540
vn 0.0601 -0.9876 -0.1451
vn 0.0873 -0.9876 -0.1306
vn 0.1111 -0.9876 -0.1111
vn 0.1306 -0.9876 -0.0872
vn 0.1451 -0.9876 -0.0601
vn 0.1540 -0.9876 -0.0306
vn 0.1570 -0.9876 -0.0000
vn 0.1540 -0.9876 0.0306
vn 0.1451 -0.9876 0.0601
vn 0.1306 -0.9876 0.0873
vn 0.1111 -0.9876 0.1111
vn 0.0873 -0.9876 0.1306
vn 0.0601 -0.9876 0.1451
vn 0.0306 -0.9876 0.1540
vn -0.0000 -0.9876 0.1570
vn -0.0306 -0.9876 0.1540
vn -0.0601 -0.9876 0.1451
vn -0.0873 -0.9876 0.1306
vn -0.1111 -0.9876 0.1111
vn -0.1306 -0.9876 0.0873
vn -0.1451 -0.9876 0.0601
vn -0.1540 -0.9876 0.0306
vn -0.1570 -0.9876 -0.0000
vn -0.1540 -0.9876 -0.0306
vn -0.1451 -0.9876 -0.0601
vn -0.1306 -0.9876 -0.0873
vn -0.1111 -0.9876 -0.1111
vn -0.0306 -0.9876 -0.1540
vn 0.2584 0.0630 -0.9640
vn 0.7066 0.0463 -0.7061
vn 0.9657 0.0170 -0.2589
vn 0.9658 -0.0170 0.2588
vn 0.7064 -0.0466 0.7063
vn 0.2584 -0.0634 0.9640
vn -0.2584 -0.0634 0.9640
vn -0.7064 -0.0466 0.7063
vn -0.9658 -0.0170 0.2588
vn -0.9658 0.0170 -0.2588
vn -0.7066 0.0463 -0.7061
vn -0.2584 0.0630 -0.9640
vn 0.2582 0.1885 -0.9475
vn 0.7066 0.1381 -0.6940
vn 0.9658 0.0506 -0.2543
vn 0.9657 -0.0506 0.2545
vn 0.7064 -0.1377 0.6942
vn 0.2585 -0.1883 0.9475
vn -0.2585 -0.1883 0.9475
vn -0.7064 -0.1377 0.6942
vn -0.9657 -0.0506 0.2545
vn -0.9658 0.0506 -0.2545
vn -0.7066 0.1381 -0.6940
vn -0.2582 0.1885 -0.9475
vn 0.2582 0.3106 -0.9148
vn 0.7063 0.2278 -0.6703
vn 0.9658 0.0834 -0.2454
vn 0.9657 -0.0834 0.2457
vn 0.7064 -0.2278 0.6702
vn 0.2581 -0.3107 0.9148
vn -0.2581 -0.3107 0.9148
vn -0.7064 -0.2278 0.6702
vn -0.9657 -0.0834 0.2457
vn -0.9658 0.0834 -0.2454
vn -0.7063 0.2278 -0.6703
vn -0.2582 0.3106 -0.9148
vn 0.2583 0.4273 -0.8664
vn 0.7065 0.3132 -0.6346
vn 0.9658 0.1147 -0.2326
vn 0.9657 -0.1148 0.2330
vn 0.7063 -0.3129 0.6350
vn 0.2581 -0.4271 0.8666
vn -0.2581 -0.4271 0.8666
vn -0.7063 -0.3129 0.6350
vn -0.9658 -0.1147 0.2327
vn -0.9658 0.1147 -0.2326
vn -0.7065 0.3132 -0.6346
vn -0.2583 0.4273 -0.8664
vn 0.2585 0.5364 -0.8034
vn 0.7065 0.3929 -0.5886
vn 0.9658 0.1441 -0.2157
vn 0.9657 -0.1444 0.2160
vn 0.7064 -0.3934 0.5884
vn 0.2586 -0.5369 0.8030
vn -0.2586 -0.5369 0.8030
vn -0.7064 -0.3934 0.5884
vn -0.9657 -0.1444 0.2160
vn -0.9658 0.1441 -0.2157
vn -0.7065 0.3929 -0.5886
vn -0.2585 0.5364 -0.8034
vn 0.2584 0.6372 -0.7261
vn 0.7063 0.4667 -0.5323
vn 0.9657 0.1712 -0.1953
vn 0.9657 -0.1711 0.1951
vn 0.7063 -0.4668 0.5322
vn 0.2584 -0.6368 0.7264
vn -0.2584 -0.6368 0.7264
vn -0.7063 -0.4668 0.5322
vn -0.9657 -0.1711 0.1951
vn -0.9657 0.1712 -0.1953
vn -0.7063 0.4667 -0.5323
vn -0.2584 0.6372 -0.7261
vn 0.2581 0.7263 -0.6371
vn 0.7067 0.5319 -0.4666
vn 0.9658 0.1950 -0.1710
vn 0.9657 -0.1953 0.1712
vn 0.7066 -0.5321 0.4665
vn 0.2584 -0.7264 0.6368
vn -0.2584 -0.7264 0.6368
vn -0.7066 -0.5321 0.4665
vn -0.9658 -0.1951 0.1710
vn -0.9658 0.1950 -0.1710
vn -0.7067 0.5319 -0.4666
vn -0.2581 0.7263 -0.6371
vn 0.2582 0.8034 -0.5366
vn 0.7064 0.5886 -0.3933
vn 0.9658 0.2158 -0.1441
vn 0.9657 -0.2158 0.1442
vn 0.7064 -0.5885 0.3933
vn 0.2585 -0.8029 0.5371
vn -0.2583 -0.8032 0.5367
vn -0.7065 -0.5882 0.3935
vn -0.9656 -0.2161 0.1444
vn -0.9658 0.2158 -0.1441
vn -0.7064 0.5886 -0.3933
vn -0.2582 0.8034 -0.5366
vn 0.2583 0.8664 -0.4273
vn 0.7065 0.6346 -0.3132
vn 0.9658 0.2327 -0.1147
vn 0.9658 -0.2326 0.1147
vn 0.7064 -0.6350 0.3127
vn 0.2584 -0.8665 0.4271
vn -0.2584 -0.8665 0.4271
vn -0.7064 -0.6350 0.3127
vn -0.9658 -0.2326 0.1147
vn -0.9658 0.2325 -0.1147
vn -0.7065 0.6346 -0.3132
vn -0.2583 0.8664 -0.4273
vn 0.2584 0.9148 -0.3105
vn 0.7064 0.6702 -0.2275
vn 0.9657 0.2459 -0.0835
vn 0.9658 -0.2455 0.0834
vn 0.7065 -0.6701 0.2275
vn 0.2583 -0.9148 0.3106
vn -0.2582 -0.9150 0.3101
vn -0.7063 -0.6703 0.2276
vn -0.9658 -0.2455 0.0833
vn -0.9657 0.2459 -0.0835
vn -0.7064 0.6702 -0.2275
vn -0.2581 0.9149 -0.3105
vn 0.2583 0.9475 -0.1885
vn 0.7064 0.6942 -0.1381
vn 0.9658 0.2543 -0.0506
vn 0.9658 -0.2542 0.0506
vn 0.7064 -0.6942 0.1380
vn 0.2581 -0.9475 0.1888
vn -0.2581 -0.9475 0.1888
vn -0.7064 -0.6942 0.1380
vn -0.9658 -0.2543 0.0506
vn -0.9657 0.2545 -0.0506
vn -0.7064 0.6942 -0.1381
vn -0.2581 0.9475 -0.1888
vn 0.2582 0.9640 -0.0633
vn 0.7064 0.7063 -0.0463
vn 0.9657 0.2589 -0.0170
vn 0.9657 -0.2592 0.0170
vn 0.7066 -0.7061 0.0463
vn 0.2583 -0.9640 0.0632
vn -0.2583 -0.9640 0.0632
vn -0.7066 -0.7061 0.0463
vn -0.9658 -0.2587 0.0170
vn -0.9657 0.2593 -0.0170
vn -0.7064 0.7063 -0.0463
vn -0.2584 0.9640 -0.0631
vn 0.2584 0.9640 0.0631
vn 0.7066 0.7061 0.0463
vn 0.9657 0.2589 0.0170
vn 0.9657 -0.2592 -0.0170
vn 0.7066 -0.7061 -0.0463
vn 0.2584 -0.9640 -0.0633
vn -0.2581 -0.9641 -0.0629
vn -0.7066 -0.7061 -0.0463
vn -0.9657 -0.2592 -0.0170
vn -0.9658 0.2588 0.0170
vn -0.7066 0.7061 0.0463
vn -0.2584 0.9640 0.0631
vn 0.2581 0.9475 0.1888
vn 0.7064 0.6942 0.1381
vn 0.9657 0.2548 0.0507
vn 0.9658 -0.2542 -0.0506
vn 0.7066 -0.6941 -0.1379
vn 0.2581 -0.9475 -0.1888
vn -0.2581 -0.9475 -0.1888
vn -0.7066 -0.6941 -0.1379
vn -0.9658 -0.2543 -0.0506
vn -0.9657 0.2545 0.0506
vn -0.7063 0.6943 0.1381
vn -0.2581 0.9475 0.1888
vn 0.2581 0.9149 0.3105
vn 0.7064 0.6702 0.2275
vn 0.9658 0.2457 0.0834
vn 0.9658 -0.2457 -0.0834
vn 0.7065 -0.6701 -0.2275
vn 0.2583 -0.9148 -0.3106
vn -0.2582 -0.9150 -0.3101
vn -0.7065 -0.6701 -0.2275
vn -0.9658 -0.2457 -0.0834
vn -0.9658 0.2455 0.0834
vn -0.7064 0.6702 0.2275
vn -0.2581 0.9149 0.3105
vn 0.2584 0.8665 0.4272
vn 0.7064 0.6347 0.3131
vn 0.9658 0.2326 0.1147
vn 0.9657 -0.2327 -0.1148
vn 0.7065 -0.6348 -0.3128
vn 0.2583 -0.8664 -0.4273
vn -0.2583 -0.8664 -0.4273
vn -0.7065 -0.6348 -0.3128
vn -0.9657 -0.2327 -0.1148
vn -0.9657 0.2330 0.1149
vn -0.7063 0.6350 0.3130
vn -0.2584 0.8665 0.4272
vn 0.2584 0.8032 0.5367
vn 0.7063 0.5886 0.3933
vn 0.9658 0.2157 0.1441
vn 0.9657 -0.2160 -0.1444
vn 0.7064 -0.5884 -0.3934
vn 0.2585 -0.8032 -0.5367
vn -0.2585 -0.8032 -0.5367
vn -0.7064 -0.5884 -0.3934
vn -0.9658 -0.2157 -0.1441
vn -0.9657 0.2160 0.1444
vn -0.7066 0.5884 0.3931
vn -0.2584 0.8032 0.5367
vn 0.2581 0.7263 0.6371
vn 0.7067 0.5319 0.4666
vn 0.9658 0.1950 0.1710
vn 0.9657 -0.1953 -0.1712
vn 0.7064 -0.5321 -0.4668
vn 0.2584 -0.7260 -0.6373
vn -0.2584 -0.7260 -0.6373
vn -0.7064 -0.5321 -0.4668
vn -0.9657 -0.1953 -0.1712
vn -0.9658 0.1950 0.1710
vn -0.7067 0.5319 0.4666
vn -0.2581 0.7263 0.6371
vn 0.2584 0.6372 0.7261
vn 0.7063 0.4667 0.5323
vn 0.9657 0.1713 0.1953
vn 0.9657 -0.1711 -0.1951
vn 0.7064 -0.4667 -0.5322
vn 0.2581 -0.6371 -0.7263
vn -0.2581 -0.6371 -0.7263
vn -0.7064 -0.4667 -0.5322
vn -0.9658 -0.1710 -0.1950
vn -0.9657 0.1711 0.1951
vn -0.7063 0.4667 0.5323
vn -0.2584 0.6372 0.7261
vn 0.2582 0.5366 0.8034
vn 0.7065 0.3932 0.5884
vn 0.9658 0.1441 0.2157
vn 0.9657 -0.1443 -0.2161
vn 0.7066 -0.3931 -0.5884
vn 0.2584 -0.5366 -0.8033
vn -0.2584 -0.5366 -0.8033
vn -0.7066 -0.3931 -0.5884
vn -0.9658 -0.1441 -0.2158
vn -0.9657 0.1443 0.2160
vn -0.7065 0.3932 0.5884
vn -0.2582 0.5366 0.8034
vn 0.2583 0.4273 0.8664
vn 0.7064 0.3131 0.6348
vn 0.9657 0.1148 0.2330
vn 0.9657 -0.1149 -0.2330
vn 0.7063 -0.3131 -0.6349
vn 0.2586 -0.4273 -0.8664
vn -0.2586 -0.4273 -0.8664
vn -0.7065 -0.3131 -0.6347
vn -0.9657 -0.1148 -0.2327
vn -0.9658 0.1147 0.2325
vn -0.7064 0.3131 0.6348
vn -0.2583 0.4273 0.8664
vn 0.2585 0.3106 0.9147
vn 0.7066 0.2275 0.6700
vn 0.9658 0.0834 0.2455
vn 0.9658 -0.0834 -0.2456
vn 0.7065 -0.2275 -0.6701
vn 0.2583 -0.3105 -0.9148
vn -0.2583 -0.3105 -0.9148
vn -0.7063 -0.2276 -0.6703
vn -0.9658 -0.0834 -0.2456
vn -0.9658 0.0834 0.2455
vn -0.7066 0.2275 0.6700
vn -0.2585 0.3106 0.9147
vn 0.2582 0.1883 0.9476
vn 0.7066 0.1381 0.6940
vn 0.9658 0.0506 0.2543
vn 0.9657 -0.0506 -0.2545
vn 0.7066 -0.1380 -0.6940
vn 0.2583 -0.1885 -0.9475
vn -0.2583 -0.1885 -0.9475
vn -0.7066 -0.1380 -0.6940
vn -0.9658 -0.0506 -0.2544
vn -0.9658 0.0506 0.2543
vn -0.7066 0.1381 0.6940
vn -0.2582 0.1883 0.9476
vn 0.2584 0.0632 0.9640
vn 0.7066 0.0463 0.7061
vn 0.9658 0.0170 0.2586
vn 0.9658 -0.0170 -0.2588
vn 0.7066 -0.0463 -0.7061
vn 0.2584 -0.0634 -0.9640
vn -0.2584 -0.0634 -0.9640
vn -0.7066 -0.0463 -0.7061
vn -0.9658 -0.0170 -0.2588
vn -0.9658 0.0170 0.2586
vn -0.7066 0.0463 0.7061
vn -0.2584 0.0632 0.9640
vn 0.2581 -0.0633 0.9641
vn 0.7063 -0.0463 0.7064
vn 0.9658 -0.0170 0.2587
vn 0.9658 0.0170 -0.2588
vn 0.2584 0.0634 -0.9640
vn -0.2584 0.0634 -0.9640
vn -0.9658 0.0170 -0.2587
vn -0.9658 -0.0170 0.2587
vn -0.7063 -0.0463 0.7064
vn -0.2581 -0.0633 0.9641
vn 0.2581 -0.1883 0.9476
vn 0.7066 -0.1381 0.6940
vn 0.9658 -0.0506 0.2543
vn 0.9658 0.0506 -0.2542
vn 0.7064 0.1381 -0.6942
vn 0.2583 0.1884 -0.9475
vn -0.2583 0.1884 -0.9475
vn -0.7063 0.1382 -0.6943
vn -0.9658 0.0506 -0.2542
vn -0.9658 -0.0506 0.2543
vn -0.7066 -0.1381 0.6940
vn -0.2581 -0.1883 0.9476
vn 0.2585 -0.3106 0.9147
vn 0.7065 -0.2276 0.6701
vn 0.9658 -0.0834 0.2456
vn 0.9658 0.0834 -0.2456
vn 0.7066 0.2275 -0.6700
vn 0.2583 0.3106 -0.9148
vn -0.2583 0.3106 -0.9148
vn -0.7066 0.2275 -0.6700
vn -0.9657 0.0835 -0.2460
vn -0.9658 -0.0834 0.2456
vn -0.7065 -0.2276 0.6701
vn -0.2585 -0.3106 0.9147
vn 0.2584 -0.4272 0.8665
vn 0.7064 -0.3132 0.6347
vn 0.9658 -0.1147 0.2327
vn 0.7067 0.3130 -0.6346
vn -0.7067 0.3130 -0.6346
vn -0.9657 0.1148 -0.2327
vn -0.7064 -0.3132 0.6347
vn -0.2584 -0.4272 0.8665
vn 0.2582 -0.5369 0.8032
vn 0.9657 -0.1443 0.2160
vn 0.7066 0.3931 -0.5884
vn 0.2584 0.5368 -0.8031
vn -0.2584 0.5368 -0.8031
vn -0.7066 0.3931 -0.5884
vn -0.9658 -0.1441 0.2157
vn -0.7063 -0.3930 0.5887
vn -0.2582 -0.5369 0.8032
vn 0.2584 -0.6369 0.7264
vn 0.7064 -0.4667 0.5321
vn 0.9658 -0.1711 0.1950
vn 0.9657 0.1713 -0.1953
vn 0.7066 0.4665 -0.5321
vn 0.2581 0.6371 -0.7263
vn -0.2584 0.6369 -0.7263
vn -0.7066 0.4665 -0.5321
vn -0.9657 0.1711 -0.1951
vn -0.9658 -0.1711 0.1950
vn -0.7064 -0.4667 0.5321
vn -0.2584 -0.6369 0.7264
vn 0.2584 -0.7264 0.6369
vn 0.9658 -0.1950 0.1710
vn 0.9657 0.1951 -0.1711
vn 0.7066 0.5321 -0.4665
vn -0.7066 0.5321 -0.4665
vn -0.9658 0.1949 -0.1709
vn -0.9657 -0.1953 0.1713
vn -0.2584 -0.7264 0.6369
vn 0.2584 -0.8032 0.5367
vn 0.7064 -0.5884 0.3934
vn 0.9658 -0.2158 0.1441
vn 0.9657 0.2160 -0.1443
vn 0.7066 0.5884 -0.3931
vn 0.2584 0.8032 -0.5367
vn -0.2584 0.8032 -0.5367
vn -0.7066 0.5884 -0.3931
vn -0.9657 0.2160 -0.1443
vn -0.9658 -0.2158 0.1441
vn -0.7064 -0.5884 0.3934
vn -0.2584 -0.8032 0.5367
vn 0.2581 -0.8664 0.4274
vn 0.7064 -0.6348 0.3131
vn 0.9658 0.2325 -0.1147
vn 0.7065 0.6348 -0.3130
vn 0.2580 0.8667 -0.4270
vn -0.2580 0.8667 -0.4270
vn -0.7064 0.6349 -0.3130
vn -0.9657 0.2329 -0.1150
vn -0.7066 -0.6347 0.3129
vn -0.2581 -0.8664 0.4274
vn 0.2585 -0.9147 0.3105
vn 0.7064 -0.6702 0.2275
vn 0.9658 -0.2456 0.0834
vn 0.9658 0.2456 -0.0834
vn 0.7066 0.6700 -0.2275
vn 0.2582 0.9147 -0.3109
vn -0.2582 0.9147 -0.3109
vn -0.7063 0.6704 -0.2276
vn -0.9658 0.2455 -0.0834
vn -0.9658 -0.2455 0.0834
vn -0.7064 -0.6702 0.2275
vn -0.2581 -0.9149 0.3105
vn 0.2581 -0.9476 0.1883
vn 0.7063 -0.6943 0.1381
vn 0.9657 -0.2545 0.0506
vn 0.7064 0.6941 -0.1382
vn 0.2580 0.9476 -0.1885
vn -0.2580 0.9476 -0.1885
vn -0.7064 0.6941 -0.1382
vn -0.9658 0.2543 -0.0506
vn -0.7064 -0.6942 0.1381
vn -0.2581 -0.9476 0.1883
vn 0.2581 -0.9640 0.0633
vn 0.9658 0.2589 -0.0170
vn 0.7066 0.7061 -0.0463
vn 0.2584 0.9640 -0.0634
vn -0.2584 0.9640 -0.0634
vn -0.7066 0.7061 -0.0463
vn -0.9658 0.2587 -0.0170
vn -0.9657 -0.2592 0.0170
vn -0.7064 -0.7063 0.0463
vn -0.2581 -0.9640 0.0633
vn 0.2581 -0.9640 -0.0633
vn 0.9658 -0.2589 -0.0170
vn 0.9658 0.2588 0.0170
vn 0.7064 0.7063 0.0463
vn 0.2584 0.9640 0.0634
vn -0.2584 0.9640 0.0634
vn -0.7064 0.7063 0.0463
vn -0.9658 0.2589 0.0170
vn -0.9658 -0.2589 -0.0170
vn -0.2581 -0.9640 -0.0633
vn 0.2581 -0.9476 -0.1883
vn 0.7064 -0.6942 -0.1381
vn 0.9657 -0.2545 -0.0506
vn 0.7064 0.6941 0.1383
vn 0.2580 0.9476 0.1885
vn -0.2585 0.9475 0.1883
vn -0.7064 0.6941 0.1383
vn -0.9658 0.2543 0.0506
vn -0.9657 -0.2545 -0.0506
vn -0.7063 -0.6943 -0.1381
vn -0.2583 -0.9475 -0.1885
vn 0.2581 -0.9149 -0.3105
vn 0.7064 -0.6702 -0.2275
vn 0.9658 -0.2456 -0.0834
vn 0.9658 0.2455 0.0834
vn 0.7063 0.6703 0.2276
vn 0.2582 0.9147 0.3109
vn -0.2582 0.9147 0.3109
vn -0.7063 0.6703 0.2276
vn -0.9658 0.2456 0.0834
vn -0.9658 -0.2456 -0.0834
vn -0.7064 -0.6702 -0.2275
vn -0.2581 -0.9149 -0.3105
vn 0.2584 -0.8664 -0.4272
vn 0.7064 -0.6348 -0.3131
vn 0.9658 0.2327 0.1148
vn 0.7066 0.6347 0.3129
vn 0.2583 0.8665 0.4272
vn -0.2583 0.8665 0.4272
vn -0.7066 0.6347 0.3129
vn -0.9658 0.2326 0.1147
vn -0.9658 -0.2326 -0.1147
vn -0.7067 -0.6346 -0.3129
vn -0.2580 -0.8664 -0.4276
vn 0.2582 -0.8034 -0.5366
vn 0.7065 -0.5884 -0.3932
vn 0.9658 -0.2156 -0.1441
vn 0.9657 0.2158 0.1441
vn 0.7065 0.5884 0.3933
vn 0.2584 0.8033 0.5366
vn -0.2584 0.8033 0.5366
vn -0.7067 0.5882 0.3932
vn -0.9658 0.2156 0.1441
vn -0.9658 -0.2158 -0.1441
vn -0.7065 -0.5884 -0.3932
vn -0.2582 -0.8034 -0.5366
vn 0.2584 -0.7264 -0.6369
vn 0.7066 -0.5321 -0.4665
vn 0.9658 -0.1950 -0.1710
vn 0.7067 0.5322 0.4662
vn 0.2583 0.7264 0.6369
vn -0.2582 0.7265 0.6368
vn -0.7064 0.5322 0.4666
vn -0.9657 0.1951 0.1711
vn -0.9657 -0.1953 -0.1713
vn -0.7066 -0.5321 -0.4665
vn -0.2584 -0.7264 -0.6369
vn 0.2584 -0.6369 -0.7264
vn 0.7064 -0.4667 -0.5321
vn 0.9657 -0.1712 -0.1952
vn 0.9657 0.1711 0.1951
vn 0.7064 0.4668 0.5321
vn 0.2584 0.6368 0.7264
vn -0.2584 0.6368 0.7264
vn -0.7064 0.4668 0.5321
vn -0.9657 -0.1712 -0.1952
vn -0.7064 -0.4667 -0.5321
vn -0.2584 -0.6369 -0.7264
vn 0.2581 -0.5368 -0.8033
vn 0.7064 -0.3931 -0.5886
vn 0.9658 -0.1440 -0.2156
vn 0.9657 0.1444 0.2159
vn 0.7064 0.3934 0.5884
vn 0.2585 0.5367 0.8032
vn -0.2585 0.5367 0.8032
vn -0.7064 0.3934 0.5884
vn -0.9657 0.1444 0.2159
vn -0.9658 -0.1440 -0.2156
vn -0.7064 -0.3931 -0.5886
vn -0.2581 -0.5368 -0.8033
vn 0.2582 -0.4274 -0.8664
vn 0.7064 -0.3131 -0.6347
vn 0.9657 -0.1148 -0.2327
vn 0.9658 0.1147 0.2325
vn 0.7065 0.3128 0.6348
vn -0.7065 0.3128 0.6348
vn -0.9658 -0.1147 -0.2325
vn -0.7064 -0.3131 -0.6347
vn -0.2582 -0.4274 -0.8664
vn 0.2585 -0.3106 -0.9147
vn 0.7064 -0.2274 -0.6703
vn 0.9657 0.0834 0.2457
vn 0.7064 0.2279 0.6701
vn 0.2584 0.3106 0.9147
vn -0.2584 0.3106 0.9147
vn -0.7064 0.2279 0.6701
vn -0.9657 0.0834 0.2457
vn -0.7064 -0.2274 -0.6703
vn -0.2585 -0.3106 -0.9147
vn 0.2584 -0.1886 -0.9475
vn 0.7064 -0.1381 -0.6942
vn 0.9658 -0.0506 -0.2543
vn 0.9658 0.0506 0.2542
vn 0.7064 0.1381 0.6942
vn 0.2584 0.1882 0.9475
vn -0.2584 0.1882 0.9475
vn -0.7064 0.1381 0.6942
vn -0.9658 0.0506 0.2542
vn -0.9658 -0.0506 -0.2545
vn -0.7064 -0.1381 -0.6942
vn -0.2584 -0.1886 -0.9475
vn 0.2584 -0.0630 -0.9640
vn 0.7066 -0.0462 -0.7061
vn 0.9658 0.0170 0.2588
vn 0.7064 0.0463 0.7063
vn 0.2584 0.0634 0.9640
vn -0.2584 0.0634 0.9640
vn -0.7064 0.0463 0.7063
vn -0.9658 0.0170 0.2588
vn -0.7066 -0.0462 -0.7061
vn -0.2584 -0.0630 -0.9640
vt 0.991467 0.134492
vt 0.990902 0.142165
vt 0.984648 0.142489
vt 0.984839 0.134835
vt 0.978272 0.142489
vt 0.978081 0.134835
vt 0.972019 0.142165
vt 0.971453 0.134492
vt 0.259503 0.477558
vt 0.263902 0.469606
vt 0.268672 0.471600
vt 0.264559 0.479671
vt 0.274097 0.473495
vt 0.270309 0.481680
vt 0.279969 0.475220
vt 0.276533 0.483509
vt 0.286060 0.476709
vt 0.282990 0.485086
vt 0.292139 0.477903
vt 0.289433 0.486352
vt 0.297971 0.478758
vt 0.295614 0.487258
vt 0.303331 0.479239
vt 0.301295 0.487769
vt 0.480519 0.008692
vt 0.481438 0.000110
vt 0.487329 0.000037
vt 0.486763 0.008615
vt 0.493582 0.000000
vt 0.493391 0.008576
vt 0.499958 0.000000
vt 0.500149 0.008576
vt 0.506211 0.000037
vt 0.506777 0.008615
vt 0.512102 0.000110
vt 0.513021 0.008692
vt 0.960885 0.468371
vt 0.962920 0.476901
vt 0.957560 0.477382
vt 0.955203 0.468882
vt 0.951729 0.478237
vt 0.949022 0.469788
vt 0.945650 0.479431
vt 0.942579 0.471053
vt 0.939558 0.480919
vt 0.936122 0.472631
vt 0.933687 0.482645
vt 0.929899 0.474460
vt 0.928262 0.484540
vt 0.924149 0.476469
vt 0.923492 0.486534
vt 0.919093 0.478582
vt 0.971453 0.150485
vt 0.972019 0.142813
vt 0.978081 0.150142
vt 0.984839 0.150142
vt 0.990902 0.142813
vt 0.991467 0.150485
vt 0.331070 0.449165
vt 0.333951 0.457541
vt 0.328655 0.458356
vt 0.325457 0.450029
vt 0.322927 0.459572
vt 0.319386 0.451318
vt 0.316987 0.461142
vt 0.313090 0.452982
vt 0.311062 0.463006
vt 0.306810 0.454958
vt 0.305382 0.465093
vt 0.300789 0.457170
vt 0.663273 0.781870
vt 0.660833 0.777210
vt 0.659589 0.772263
vt 0.659589 0.767219
vt 0.660833 0.762273
vt 0.663273 0.757613
vt 0.666815 0.753419
vt 0.671324 0.749852
vt 0.676625 0.747050
vt 0.682516 0.745120
vt 0.688769 0.744136
vt 0.695145 0.744136
vt 0.701398 0.745120
vt 0.707289 0.747050
vt 0.712590 0.749852
vt 0.717099 0.753419
vt 0.720641 0.757613
vt 0.723081 0.762273
vt 0.724325 0.767219
vt 0.724325 0.772263
vt 0.723081 0.777210
vt 0.720641 0.781870
vt 0.717099 0.786064
vt 0.712590 0.789630
vt 0.707289 0.792432
vt 0.701398 0.794362
vt 0.695145 0.795346
vt 0.688769 0.795346
vt 0.682516 0.794362
vt 0.676625 0.792432
vt 0.671324 0.789630
vt 0.666815 0.786064
vt 0.295257 0.459532
vt 0.300163 0.467321
vt 0.295606 0.469606
vt 0.290428 0.461954
vt 0.293850 0.430978
vt 0.301689 0.428511
vt 0.286333 0.433738
vt 0.259054 0.392429
vt 0.270210 0.388332
vt 0.993953 0.172143
vt 0.985678 0.171715
vt 0.910648 0.452707
vt 0.917826 0.450199
vt 0.941698 0.444366
vt 0.949415 0.443236
vt 0.500988 0.033498
vt 0.492552 0.033498
vt 0.258237 0.505941
vt 0.251059 0.503433
vt 0.289825 0.512904
vt 0.282109 0.511773
vt 0.273399 0.439711
vt 0.279427 0.436687
vt 0.309549 0.426434
vt 0.977242 0.171715
vt 0.925595 0.447916
vt 0.956507 0.442599
vt 0.274066 0.510193
vt 0.484278 0.033547
vt 0.244747 0.500795
vt 0.317128 0.424825
vt 0.968968 0.172143
vt 0.933656 0.445947
vt 0.476483 0.033643
vt 0.968968 0.112835
vt 0.977242 0.113263
vt 0.517057 0.033643
vt 0.509263 0.033547
vt 0.266005 0.508224
vt 0.324135 0.423747
vt 0.904336 0.455345
vt 0.296918 0.513541
vt 0.985678 0.113263
vt 0.993953 0.112835
vt 0.228981 0.350240
vt 0.245090 0.344324
vt 0.304757 0.379201
vt 0.315156 0.377600
vt 0.874735 0.414952
vt 0.884102 0.411038
vt 0.918247 0.401005
vt 0.930183 0.398659
vt 0.246695 0.552213
vt 0.235165 0.548825
vt 0.975200 0.077409
vt 0.987720 0.077409
vt 0.515310 0.076608
vt 0.503030 0.076535
vt 0.292571 0.560104
vt 0.282045 0.559158
vt 0.248806 0.396805
vt 0.293509 0.381588
vt 0.975200 0.207569
vt 0.962920 0.208205
vt 0.906284 0.403927
vt 0.478230 0.076608
vt 0.466663 0.076751
vt 0.258657 0.555135
vt 0.962920 0.076773
vt 0.526877 0.076751
vt 0.239859 0.401292
vt 0.281844 0.384672
vt 0.987720 0.207569
vt 0.894755 0.407315
vt 0.941634 0.396982
vt 0.952160 0.396036
vt 0.490510 0.076535
vt 0.270594 0.557481
vt 0.224512 0.545102
vt 0.215145 0.541188
vt 1.000000 0.208205
vt 1.000000 0.076773
vt 0.184658 0.291966
vt 0.209166 0.282965
vt 0.294980 0.331137
vt 0.309997 0.328826
vt 0.840073 0.374409
vt 0.853601 0.368756
vt 0.902910 0.354267
vt 0.920147 0.350880
vt 0.972420 0.043481
vt 0.990501 0.043481
vt 0.523544 0.119480
vt 0.505810 0.119375
vt 0.292295 0.609049
vt 0.277094 0.607683
vt 0.226045 0.597652
vt 0.209395 0.592760
vt 0.214181 0.356560
vt 0.278736 0.334585
vt 0.867013 0.418908
vt 0.828923 0.380121
vt 0.885634 0.358488
vt 0.243320 0.601873
vt 0.207424 0.537232
vt 0.180484 0.581731
vt 0.169333 0.576019
vt 0.540248 0.119686
vt 0.469997 0.119480
vt 0.453292 0.119686
vt 0.201260 0.363040
vt 0.261891 0.339037
vt 0.990501 0.241496
vt 0.972420 0.241496
vt 0.868985 0.363380
vt 0.487730 0.119375
vt 0.260558 0.605260
vt 0.194011 0.587384
vt 0.936684 0.348457
vt 0.951885 0.347091
vt 0.324306 0.376849
vt 0.323211 0.327741
vt 0.232556 0.405718
vt 0.190714 0.369431
vt 0.145753 0.241860
vt 0.177928 0.230043
vt 0.285067 0.262903
vt 0.307914 0.259387
vt 0.786629 0.319299
vt 0.807209 0.310699
vt 0.882227 0.288656
vt 0.908452 0.283503
vt 0.537503 0.177309
vt 0.510524 0.177149
vt 0.297148 0.678401
vt 0.274021 0.676323
vt 0.196355 0.661063
vt 0.171025 0.653620
vt 0.967707 0.000000
vt 0.995214 0.000000
vt 0.162142 0.301581
vt 0.260355 0.268148
vt 0.769665 0.327990
vt 0.855945 0.295077
vt 0.127040 0.636841
vt 0.110076 0.628150
vt 0.562916 0.177622
vt 0.456037 0.177309
vt 0.430624 0.177622
vt 0.222638 0.667484
vt 0.142484 0.311439
vt 0.234726 0.274922
vt 0.995214 0.284978
vt 0.967707 0.284978
vt 0.830614 0.302520
vt 0.248863 0.672637
vt 0.147620 0.645441
vt 0.933611 0.279817
vt 0.956737 0.277739
vt 0.483016 0.177149
vt 0.328017 0.257736
vt 0.126440 0.321162
vt 0.119119 0.205063
vt 0.155840 0.191576
vt 0.277568 0.203706
vt 0.307560 0.199091
vt 0.739090 0.272168
vt 0.766106 0.260878
vt 0.864587 0.231941
vt 0.899014 0.225176
vt 0.550242 0.226636
vt 0.514826 0.226427
vt 0.302812 0.738531
vt 0.272452 0.735803
vt 0.170495 0.715770
vt 0.137242 0.705999
vt 0.114626 0.330377
vt 0.053819 0.292284
vt 0.069328 0.280188
vt 0.116195 0.254482
vt 0.245126 0.210593
vt 0.716820 0.283577
vt 0.830084 0.240370
vt 0.583605 0.227047
vt 0.443298 0.226636
vt 0.409936 0.227047
vt 0.204998 0.724199
vt 0.079500 0.683972
vt 0.057230 0.672563
vt 0.090390 0.267423
vt 0.211482 0.219486
vt 0.756969 0.336438
vt 0.700152 0.294667
vt 0.796831 0.250141
vt 0.106517 0.695262
vt 0.932042 0.220337
vt 0.962401 0.217609
vt 0.478715 0.226427
vt 0.239425 0.730964
vt 0.333951 0.196924
vt 0.091422 0.163172
vt 0.131852 0.148323
vt 0.269562 0.161517
vt 0.303793 0.156250
vt 0.708050 0.236935
vt 0.738885 0.224050
vt 0.851283 0.191023
vt 0.890575 0.183303
vt 0.303331 0.781474
vt 0.268681 0.778360
vt 0.152315 0.755496
vt 0.114363 0.744344
vt 0.326988 0.885482
vt 0.326988 0.856916
vt 0.363774 0.854897
vt 0.363774 0.887501
vt 0.557799 0.263827
vt 0.517377 0.263588
vt 0.085384 0.219469
vt 0.232536 0.169377
vt 0.682633 0.249957
vt 0.811904 0.200644
vt 0.595876 0.264297
vt 0.435741 0.263827
vt 0.397664 0.264297
vt 0.191694 0.765117
vt 0.048460 0.719205
vt 0.023043 0.706183
vt 0.055931 0.234239
vt 0.194136 0.179527
vt 0.984337 0.601052
vt 0.984337 0.629618
vt 0.947551 0.631637
vt 0.947551 0.599033
vt 0.773952 0.211796
vt 0.928271 0.177780
vt 0.962920 0.174666
vt 0.476163 0.263588
vt 0.230986 0.772837
vt 0.079295 0.732090
vt 0.333913 0.153777
vt 0.031893 0.248807
vt 0.071625 0.128045
vt 0.113249 0.112758
vt 0.257061 0.115227
vt 0.294750 0.109428
vt 0.677962 0.195985
vt 0.711911 0.181798
vt 0.835664 0.145435
vt 0.878925 0.136935
vt 0.132718 0.800112
vt 0.090932 0.787834
vt 0.409683 0.853251
vt 0.409683 0.889147
vt 0.563964 0.307477
vt 0.519459 0.307214
vt 0.298988 0.828714
vt 0.260838 0.825286
vt 0.054279 0.179033
vt 0.216295 0.123881
vt 0.944905 0.567057
vt 0.901642 0.597387
vt 0.898729 0.562180
vt 0.792307 0.156028
vt 0.429576 0.307477
vt 0.387653 0.307994
vt 0.176074 0.810705
vt 0.366420 0.822921
vt 0.412596 0.818044
vt 0.605887 0.307994
vt 0.021851 0.195295
vt 0.174017 0.135056
vt 0.901642 0.633283
vt 0.750521 0.168306
vt 0.920428 0.130854
vt 0.958578 0.127426
vt 0.474082 0.307214
vt 0.219335 0.819205
vt 0.052322 0.774342
vt 0.018373 0.760155
vt 0.944905 0.663613
vt 0.898729 0.668490
vt 0.366420 0.919477
vt 0.412596 0.924354
vt 0.053815 0.086163
vt 0.093623 0.071542
vt 0.242155 0.078685
vt 0.280957 0.072714
vt 0.659589 0.160549
vt 0.694541 0.145943
vt 0.821948 0.108507
vt 0.866486 0.099755
vt 0.453443 0.852721
vt 0.453443 0.889677
vt 0.565948 0.345790
vt 0.520129 0.345519
vt 0.288901 0.866174
vt 0.249625 0.862645
vt 0.117721 0.836728
vt 0.074702 0.824087
vt 0.033385 0.144374
vt 0.200185 0.087594
vt 0.857882 0.596857
vt 0.854882 0.560610
vt 0.777311 0.119412
vt 0.162358 0.847633
vt 0.456443 0.816474
vt 0.609109 0.346322
vt 0.427592 0.345790
vt 0.384431 0.346322
vt 0.000000 0.161117
vt 0.156659 0.099099
vt 0.857882 0.633813
vt 0.734291 0.132053
vt 0.473412 0.345519
vt 0.206896 0.856384
vt 0.034952 0.810197
vt 0.000000 0.795591
vt 0.909214 0.093495
vt 0.948491 0.089966
vt 0.854882 0.670060
vt 0.456443 0.925924
vt 0.045509 0.058905
vt 0.082298 0.045393
vt 0.848999 0.704203
vt 0.788311 0.700325
vt 0.793938 0.667672
vt 0.848999 0.526467
vt 0.793938 0.562998
vt 0.788311 0.530345
vt 0.804547 0.066670
vt 0.847142 0.058301
vt 0.562930 0.394363
vt 0.519109 0.394104
vt 0.345587 0.347094
vt 0.389333 0.394872
vt 0.352184 0.395611
vt 0.102269 0.879040
vt 0.061126 0.866951
vt 0.514518 0.853527
vt 0.514518 0.888871
vt 0.470867 0.990795
vt 0.462326 0.960067
vt 0.523014 0.956189
vt 0.531182 0.985576
vt 0.840458 0.734931
vt 0.780143 0.729713
vt 0.796806 0.597663
vt 0.761858 0.077100
vt 0.517387 0.818862
vt 0.604207 0.394872
vt 0.430611 0.394363
vt 0.144958 0.889470
vt 0.517387 0.923536
vt 0.135138 0.058480
vt 0.176765 0.047477
vt 0.796806 0.633007
vt 0.720715 0.089189
vt 0.187553 0.897839
vt 0.462326 0.782331
vt 0.523014 0.786209
vt 0.647953 0.347094
vt 0.641356 0.395611
vt 0.474431 0.394104
vt 0.840458 0.495739
vt 0.780143 0.500957
vt 0.888006 0.052313
vt 0.228417 0.903827
vt 0.470867 0.751603
vt 0.531182 0.756821
vt 0.584320 1.000000
vt 0.574712 0.976903
vt 0.644113 0.955060
vt 0.651736 0.973384
vt 0.744162 0.693880
vt 0.749362 0.663703
vt 0.749362 0.566967
vt 0.744162 0.536789
vt 0.792630 0.040687
vt 0.831995 0.032952
vt 0.557913 0.427615
vt 0.517415 0.427376
vt 0.397480 0.428085
vt 0.363148 0.428768
vt 0.093589 0.905815
vt 0.055566 0.894642
vt 0.559312 0.854867
vt 0.559312 0.887531
vt 0.567163 0.949744
vt 0.736613 0.721039
vt 0.752013 0.599003
vt 0.753178 0.050325
vt 0.596060 0.428085
vt 0.435627 0.427615
vt 0.133041 0.915453
vt 0.561963 0.822831
vt 0.561963 0.919567
vt 0.120665 0.033321
vt 0.159136 0.023153
vt 0.752013 0.631667
vt 0.715155 0.061498
vt 0.567163 0.792654
vt 0.630392 0.428768
vt 0.476125 0.427376
vt 0.172406 0.923188
vt 0.736613 0.509631
vt 0.869760 0.027419
vt 0.210171 0.928721
vt 0.574712 0.765495
vt 0.326988 0.597885
vt 0.333379 0.572469
vt 0.366216 0.580349
vt 0.361137 0.600546
vt 0.673201 0.677650
vt 0.677327 0.653708
vt 0.677327 0.576962
vt 0.673202 0.553020
vt 0.774676 0.006136
vt 0.805907 0.000000
vt 0.417997 0.478056
vt 0.390760 0.478598
vt 0.584320 0.742398
vt 0.651735 0.769013
vt 0.644113 0.787337
vt 0.631895 0.858242
vt 0.631895 0.884156
vt 0.545278 0.477684
vt 0.513149 0.477493
vt 0.638123 0.933514
vt 0.667212 0.699197
vt 0.679430 0.602378
vt 0.743377 0.013783
vt 0.575543 0.478057
vt 0.448262 0.477684
vt 0.115087 0.950004
vt 0.083787 0.942357
vt 0.633998 0.832826
vt 0.633998 0.909572
vt 0.727005 0.744136
vt 0.659589 0.717521
vt 0.679430 0.628292
vt 0.727005 0.486534
vt 0.667212 0.531473
vt 0.659590 0.513149
vt 0.602781 0.478598
vt 0.480391 0.477493
vt 0.146318 0.956140
vt 0.638123 0.808884
vt 0.068881 0.009578
vt 0.099320 0.000000
vt 0.659589 0.429636
vt 0.625944 0.479287
vt 0.333951 0.429636
vt 0.367596 0.479287
vt 0.412710 0.591506
vt 0.409489 0.604313
vt 0.364114 0.694704
vt 0.345915 0.673157
vt 0.376178 0.660361
vt 0.390640 0.677483
vt 0.476909 0.742398
vt 0.444780 0.737342
vt 0.454741 0.711366
vt 0.480273 0.715383
vt 0.599299 0.713028
vt 0.572061 0.727425
vt 0.555886 0.703485
vt 0.577530 0.692044
vt 0.509668 0.479287
vt 0.541797 0.484343
vt 0.531836 0.510319
vt 0.506304 0.506302
vt 0.387278 0.508657
vt 0.414516 0.494259
vt 0.430692 0.518200
vt 0.409047 0.529640
vt 0.659589 0.623799
vt 0.653199 0.649216
vt 0.620361 0.641336
vt 0.625440 0.621139
vt 0.622463 0.526981
vt 0.640662 0.548527
vt 0.610399 0.561324
vt 0.595937 0.544201
vt 0.345915 0.548527
vt 0.376178 0.561324
vt 0.333379 0.649215
vt 0.366216 0.641336
vt 0.414516 0.727425
vt 0.430691 0.703485
vt 0.541797 0.737342
vt 0.531836 0.711366
vt 0.653199 0.572469
vt 0.620361 0.580349
vt 0.572062 0.494259
vt 0.555886 0.518200
vt 0.444780 0.484343
vt 0.454742 0.510319
vt 0.640662 0.673157
vt 0.610399 0.660361
vt 0.364114 0.526981
vt 0.390640 0.544201
vt 0.326988 0.623799
vt 0.361137 0.621139
vt 0.387278 0.713028
vt 0.409047 0.692044
vt 0.509668 0.742398
vt 0.506304 0.715383
vt 0.622463 0.694704
vt 0.595937 0.677483
vt 0.659589 0.597885
vt 0.625440 0.600546
vt 0.599299 0.508657
vt 0.577530 0.529640
vt 0.476909 0.479287
vt 0.480273 0.506302
vt 0.461932 0.603318
vt 0.460679 0.608302
vt 0.419027 0.642243
vt 0.428197 0.653100
vt 0.468845 0.674586
vt 0.485035 0.677133
vt 0.532982 0.669589
vt 0.546708 0.662334
vt 0.453595 0.552096
vt 0.439870 0.559351
vt 0.573867 0.630179
vt 0.577088 0.617371
vt 0.567551 0.579442
vt 0.558380 0.568584
vt 0.517732 0.547099
vt 0.501542 0.544551
vt 0.419027 0.579442
vt 0.412710 0.630179
vt 0.453595 0.669589
vt 0.517732 0.674586
vt 0.532982 0.552096
vt 0.468845 0.547099
vt 0.567551 0.642243
vt 0.573867 0.591506
vt 0.428197 0.568584
vt 0.409489 0.617371
vt 0.439870 0.662334
vt 0.501542 0.677133
vt 0.577088 0.604313
vt 0.546708 0.559351
vt 0.485035 0.544551
vt 0.558380 0.653100
vt 0.467959 0.594398
vt 0.472501 0.590805
vt 0.477842 0.587982
vt 0.483777 0.586037
vt 0.490077 0.585046
vt 0.496500 0.585046
vt 0.502801 0.586037
vt 0.508735 0.587982
vt 0.514076 0.590805
vt 0.518618 0.594398
vt 0.522187 0.598623
vt 0.524645 0.603318
vt 0.525899 0.608302
vt 0.525899 0.613383
vt 0.524645 0.618367
vt 0.522187 0.623062
vt 0.518618 0.627287
vt 0.514076 0.630880
vt 0.508735 0.633703
vt 0.502801 0.635648
vt 0.496500 0.636639
vt 0.490077 0.636639
vt 0.483777 0.635648
vt 0.477842 0.633703
vt 0.472501 0.630880
vt 0.467959 0.627287
vt 0.464390 0.623062
vt 0.461932 0.618367
vt 0.460679 0.613383
vt 0.464390 0.598623
vt 0.873167 0.531117
vt 0.880284 0.505370
vt 0.905091 0.510465
vt 0.898164 0.535522
vt 0.134214 0.007583
vt 0.159959 0.008746
vt 0.151184 0.033578
vt 0.127374 0.032502
vt 0.149277 0.062104
vt 0.128113 0.061148
vt 0.230312 0.869370
vt 0.215586 0.848226
vt 0.233988 0.830224
vt 0.246873 0.848724
vt 0.255576 0.815939
vt 0.267113 0.832504
vt 0.274565 0.809198
vt 0.285609 0.825055
vt 0.926643 0.254092
vt 0.930855 0.269561
vt 0.906029 0.274537
vt 0.901629 0.258378
vt 0.107362 0.550604
vt 0.094266 0.562045
vt 0.074253 0.547584
vt 0.088878 0.534807
vt 0.057910 0.525633
vt 0.074624 0.511031
vt 0.705862 0.362404
vt 0.711265 0.336262
vt 0.734716 0.343869
vt 0.728638 0.373280
vt 0.759658 0.346598
vt 0.753086 0.378401
vt 0.772655 0.376396
vt 0.779408 0.343718
vt 0.888373 0.483165
vt 0.912963 0.488855
vt 0.186002 0.014330
vt 0.175267 0.038742
vt 0.170685 0.066695
vt 0.202824 0.824694
vt 0.222821 0.809633
vt 0.245577 0.797501
vt 0.264993 0.791549
vt 0.935658 0.282907
vt 0.911047 0.288479
vt 0.082492 0.575926
vt 0.061103 0.563087
vt 0.042882 0.543350
vt 0.713989 0.308883
vt 0.737781 0.313069
vt 0.762973 0.313292
vt 0.782814 0.309495
vt 0.200013 0.000000
vt 0.226620 0.010183
vt 0.211896 0.024241
vt 0.199214 0.047907
vt 0.191970 0.074841
vt 0.192244 0.799176
vt 0.213563 0.787305
vt 0.237287 0.777508
vt 0.257058 0.772410
vt 0.101316 0.578427
vt 0.091503 0.593823
vt 0.072240 0.592010
vt 0.049654 0.581050
vt 0.029797 0.563879
vt 0.713989 0.280738
vt 0.737781 0.281405
vt 0.762973 0.279053
vt 0.782814 0.274313
vt 0.252619 0.024637
vt 0.237199 0.038307
vt 0.222613 0.060915
vt 0.212770 0.086404
vt 0.184026 0.772109
vt 0.206373 0.763622
vt 0.230849 0.756301
vt 0.250894 0.752110
vt 0.083315 0.611065
vt 0.063687 0.610022
vt 0.040102 0.601166
vt 0.018880 0.586869
vt 0.711265 0.252306
vt 0.734716 0.249419
vt 0.759658 0.244466
vt 0.779408 0.238774
vt 0.277565 0.043114
vt 0.261477 0.056289
vt 0.245065 0.077545
vt 0.232727 0.101186
vt 0.178312 0.743956
vt 0.201373 0.738988
vt 0.226372 0.734244
vt 0.246609 0.730995
vt 0.076892 0.629858
vt 0.056977 0.629654
vt 0.032609 0.623090
vt 0.010316 0.611925
vt 0.705862 0.224076
vt 0.728638 0.217660
vt 0.753086 0.210124
vt 0.772655 0.203486
vt 0.301032 0.065298
vt 0.284314 0.077878
vt 0.266185 0.097510
vt 0.251500 0.118933
vt 0.175199 0.715199
vt 0.198649 0.713825
vt 0.223933 0.711712
vt 0.244274 0.709427
vt 0.072345 0.649879
vt 0.052227 0.650569
vt 0.027304 0.646448
vt 0.004254 0.638620
vt 0.697874 0.196529
vt 0.719652 0.186670
vt 0.743368 0.176613
vt 0.762670 0.169052
vt 0.322617 0.090810
vt 0.305321 0.102707
vt 0.285611 0.120471
vt 0.268768 0.139342
vt 0.174740 0.686329
vt 0.198248 0.688564
vt 0.223573 0.689093
vt 0.243930 0.687775
vt 0.069751 0.670787
vt 0.049517 0.672410
vt 0.024278 0.670840
vt 0.000795 0.666497
vt 0.687437 0.170138
vt 0.707910 0.156980
vt 0.730672 0.144507
vt 0.749624 0.136063
vt 0.341952 0.119212
vt 0.324138 0.130348
vt 0.303013 0.146033
vt 0.284236 0.162065
vt 0.176944 0.657841
vt 0.200176 0.663637
vt 0.225300 0.666773
vt 0.245583 0.666409
vt 0.069155 0.692223
vt 0.048894 0.694804
vt 0.023582 0.695849
vt 0.000000 0.695078
vt 0.674730 0.145353
vt 0.693615 0.129097
vt 0.715214 0.114357
vt 0.733740 0.105082
vt 0.358706 0.150020
vt 0.340443 0.160331
vt 0.318091 0.173761
vt 0.297639 0.186711
vt 0.181772 0.630222
vt 0.204401 0.639470
vt 0.229083 0.645134
vt 0.249204 0.645695
vt 0.070567 0.713820
vt 0.050369 0.717366
vt 0.025229 0.721046
vt 0.001882 0.723875
vt 0.659970 0.122599
vt 0.677010 0.103499
vt 0.697258 0.086676
vt 0.715290 0.076639
vt 0.372591 0.182706
vt 0.353956 0.192141
vt 0.330588 0.203178
vt 0.308747 0.212860
vt 0.189143 0.603945
vt 0.210850 0.616477
vt 0.234857 0.624545
vt 0.254732 0.625987
vt 0.073962 0.735210
vt 0.053916 0.739711
vt 0.029190 0.746001
vt 0.006409 0.752395
vt 0.643410 0.102265
vt 0.658379 0.080623
vt 0.677112 0.061940
vt 0.694589 0.051222
vt 0.383371 0.216711
vt 0.364448 0.225235
vt 0.340290 0.233782
vt 0.317371 0.240063
vt 0.198929 0.579459
vt 0.219413 0.595052
vt 0.242525 0.605361
vt 0.262071 0.607622
vt 0.079282 0.756027
vt 0.059474 0.761457
vt 0.035397 0.770287
vt 0.013503 0.780150
vt 0.625333 0.084699
vt 0.638042 0.060861
vt 0.655121 0.040571
vt 0.671993 0.029265
vt 0.390861 0.251452
vt 0.371737 0.259045
vt 0.347031 0.265049
vt 0.323363 0.267857
vt 0.210963 0.557183
vt 0.229943 0.575561
vt 0.251954 0.587908
vt 0.968400 0.771644
vt 0.962851 0.757958
vt 0.987462 0.751784
vt 0.992774 0.764885
vt 0.086437 0.775913
vt 0.066949 0.782231
vt 0.043745 0.793487
vt 0.023043 0.806665
vt 0.606048 0.070202
vt 0.616347 0.044552
vt 0.631661 0.022935
vt 0.868083 0.006644
vt 0.859548 0.027934
vt 0.834913 0.021876
vt 0.843684 0.000000
vt 0.394933 0.286336
vt 0.375699 0.292994
vt 0.350695 0.296445
vt 0.326621 0.295764
vt 0.225040 0.537498
vt 0.242261 0.558337
vt 0.262983 0.572485
vt 0.957833 0.742027
vt 0.982659 0.736534
vt 0.095305 0.794529
vt 0.076212 0.801678
vt 0.054090 0.815206
vt 0.034866 0.831486
vt 0.585885 0.059021
vt 0.593664 0.031974
vt 0.607133 0.009334
vt 0.851851 0.052707
vt 0.827004 0.047332
vt 0.395517 0.320766
vt 0.376268 0.326501
vt 0.351221 0.327432
vt 0.327088 0.323307
vt 0.240919 0.520742
vt 0.256154 0.543675
vt 0.275424 0.559357
vt 0.953433 0.724123
vt 0.978447 0.719395
vt 0.105732 0.811556
vt 0.087105 0.819466
vt 0.066255 0.835071
vt 0.048769 0.854189
vt 0.565190 0.051349
vt 0.570382 0.023342
vt 0.581957 0.000000
vt 0.845124 0.080538
vt 0.820092 0.075929
vt 0.814295 0.107181
vt 0.792911 0.110046
vt 0.798553 0.079632
vt 0.373432 0.358993
vt 0.348598 0.357479
vt 0.324757 0.350016
vt 0.258328 0.507201
vt 0.271387 0.531827
vt 0.931661 0.735912
vt 0.927521 0.714055
vt 0.949726 0.704552
vt 0.974898 0.700660
vt 0.996292 0.703424
vt 1.000000 0.722995
vt 0.099442 0.835290
vt 0.080033 0.852742
vt 0.064515 0.874385
vt 0.544316 0.047315
vt 0.546899 0.018805
vt 0.866940 0.092224
vt 0.861722 0.120350
vt 0.839482 0.110953
vt 0.809712 0.140552
vt 0.788451 0.142522
vt 0.367240 0.389913
vt 0.342872 0.386073
vt 0.319667 0.375433
vt 0.276969 0.497106
vt 0.287698 0.522994
vt 0.924224 0.690711
vt 0.946774 0.683649
vt 0.972072 0.680651
vt 0.993341 0.682521
vt 0.113011 0.848878
vt 0.095187 0.867918
vt 0.081834 0.891729
vt 0.523621 0.046990
vt 0.523617 0.018439
vt 0.857597 0.150384
vt 0.835021 0.143429
vt 0.806421 0.175470
vt 0.785248 0.176505
vt 0.357799 0.418732
vt 0.334141 0.412725
vt 0.311906 0.399123
vt 0.296523 0.490631
vt 0.304808 0.517328
vt 0.921829 0.666279
vt 0.944629 0.661773
vt 0.970019 0.659710
vt 0.991195 0.660644
vt 0.127581 0.860000
vt 0.111459 0.880339
vt 0.100430 0.905924
vt 0.503458 0.050379
vt 0.500934 0.022251
vt 0.854636 0.181810
vt 0.831819 0.177412
vt 0.804479 0.211339
vt 0.783359 0.211413
vt 0.345270 0.444958
vt 0.322555 0.436978
vt 0.301607 0.420682
vt 0.316655 0.487885
vt 0.322423 0.514926
vt 0.920375 0.641178
vt 0.943327 0.639296
vt 0.968773 0.638194
vt 0.989894 0.638168
vt 0.142902 0.868464
vt 0.128569 0.889791
vt 0.119985 0.916726
vt 0.484173 0.057424
vt 0.479238 0.030176
vt 0.852888 0.214093
vt 0.829929 0.212320
vt 0.803920 0.247545
vt 0.782814 0.246649
vt 0.329867 0.468141
vt 0.308310 0.458417
vt 0.288945 0.439739
vt 0.337022 0.488917
vt 0.340244 0.515828
vt 0.919887 0.615836
vt 0.942890 0.616604
vt 0.968355 0.616473
vt 0.989457 0.615476
vt 0.158712 0.874125
vt 0.146225 0.896114
vt 0.140164 0.923952
vt 0.466096 0.068003
vt 0.458901 0.042079
vt 0.852384 0.246678
vt 0.829384 0.247555
vt 0.804752 0.283468
vt 0.783624 0.281609
vt 0.311853 0.487885
vt 0.291652 0.476676
vt 0.274138 0.455969
vt 0.264003 0.431313
vt 0.276960 0.417112
vt 0.920375 0.590687
vt 0.943327 0.594086
vt 0.968773 0.594917
vt 0.989894 0.592958
vt 0.174740 0.876887
vt 0.164126 0.899199
vt 0.481066 0.091088
vt 0.466575 0.103280
vt 0.449536 0.081937
vt 0.440271 0.057754
vt 0.853133 0.279008
vt 0.830194 0.282516
vt 0.806961 0.318493
vt 0.785774 0.315696
vt 0.817465 0.996395
vt 0.792685 0.988468
vt 0.806418 0.966649
vt 0.829334 0.973980
vt 0.814248 0.939427
vt 0.834618 0.945942
vt 0.257438 0.469095
vt 0.249391 0.442798
vt 0.921829 0.566162
vt 0.944629 0.572126
vt 0.970019 0.573895
vt 0.991196 0.570997
vt 0.486824 0.116065
vt 0.475259 0.129423
vt 0.453660 0.118199
vt 0.434776 0.098987
vt 0.619117 0.509925
vt 0.598729 0.509896
vt 0.591911 0.483165
vt 0.614847 0.483198
vt 0.855122 0.310531
vt 0.832344 0.316603
vt 0.810510 0.352022
vt 0.789228 0.348327
vt 0.768542 0.976166
vt 0.784092 0.955273
vt 0.794403 0.929314
vt 0.239132 0.478891
vt 0.233373 0.451370
vt 0.924224 0.542681
vt 0.946774 0.551099
vt 0.972072 0.553768
vt 0.993341 0.549971
vt 0.465303 0.144994
vt 0.442542 0.135589
vt 0.422069 0.118861
vt 0.578723 0.513628
vt 0.569404 0.487364
vt 0.858316 0.340707
vt 0.835798 0.349233
vt 0.815338 0.383481
vt 0.793926 0.378942
vt 0.745451 0.959699
vt 0.762737 0.940044
vt 0.775421 0.915778
vt 0.219532 0.485191
vt 0.216224 0.456882
vt 0.927521 0.520644
vt 0.949726 0.531367
vt 0.974898 0.534879
vt 0.996292 0.530239
vt 0.457126 0.162512
vt 0.433409 0.155152
vt 0.411632 0.141220
vt 0.559441 0.521059
vt 0.547711 0.495724
vt 0.862661 0.369020
vt 0.840497 0.379849
vt 0.821362 0.412331
vt 0.799789 0.407019
vt 0.723806 0.939349
vt 0.742720 0.921225
vt 0.757628 0.899049
vt 0.198975 0.487885
vt 0.198236 0.459240
vt 0.931661 0.500429
vt 0.953433 0.513267
vt 0.978447 0.517552
vt 1.000000 0.512138
vt 0.450868 0.181676
vt 0.426420 0.176555
vt 0.403644 0.165679
vt 0.541212 0.532061
vt 0.527204 0.508101
vt 0.868083 0.394985
vt 0.846360 0.407926
vt 0.705954 0.948565
vt 0.685579 0.924022
vt 0.703977 0.915463
vt 0.724383 0.899135
vt 0.741328 0.879414
vt 0.177811 0.486929
vt 0.179718 0.458403
vt 0.188494 0.433571
vt 0.205075 0.434320
vt 0.957834 0.497107
vt 0.982659 0.502084
vt 0.470437 0.179671
vt 0.466385 0.199278
vt 0.446635 0.202159
vt 0.421693 0.199429
vt 0.398241 0.191822
vt 0.524348 0.546445
vt 0.508233 0.524283
vt 0.488369 0.509564
vt 0.508884 0.492065
vt 0.853286 0.432984
vt 0.828480 0.438078
vt 0.667419 0.896266
vt 0.686304 0.888451
vt 0.708039 0.874155
vt 0.726801 0.857209
vt 0.156403 0.482339
vt 0.160986 0.454386
vt 0.171721 0.429974
vt 0.962851 0.483165
vt 0.987462 0.488738
vt 0.464341 0.219812
vt 0.444500 0.223609
vt 0.419309 0.223385
vt 0.395517 0.219200
vt 0.509139 0.563966
vt 0.491122 0.543994
vt 0.469867 0.530878
vt 0.861158 0.454593
vt 0.836569 0.460283
vt 0.651785 0.865772
vt 0.671089 0.858774
vt 0.693968 0.846711
vt 0.714293 0.832814
vt 0.135118 0.474192
vt 0.142361 0.447258
vt 0.155043 0.423592
vt 0.169767 0.409534
vt 0.185731 0.415644
vt 0.464341 0.240921
vt 0.444500 0.245661
vt 0.419309 0.248013
vt 0.395517 0.247346
vt 0.495844 0.584324
vt 0.476165 0.566896
vt 0.453693 0.555643
vt 0.434451 0.553580
vt 0.451070 0.528133
vt 0.638944 0.833062
vt 0.658592 0.826941
vt 0.682411 0.817272
vt 0.704021 0.806646
vt 0.114318 0.462629
vt 0.124161 0.437141
vt 0.138747 0.414532
vt 0.154168 0.400862
vt 0.466385 0.262244
vt 0.446635 0.267937
vt 0.421693 0.272890
vt 0.398241 0.275777
vt 0.484690 0.607170
vt 0.463617 0.592598
vt 0.440125 0.583436
vt 0.420509 0.582138
vt 0.629116 0.798696
vt 0.649027 0.793495
vt 0.673566 0.786342
vt 0.696158 0.779153
vt 0.094361 0.447848
vt 0.106699 0.424207
vt 0.123111 0.402951
vt 0.139200 0.389776
vt 0.470437 0.283417
vt 0.450868 0.290055
vt 0.426420 0.297592
vt 0.403644 0.304008
vt 0.475869 0.632114
vt 0.453694 0.620660
vt 0.429394 0.613780
vt 0.409483 0.613318
vt 0.622469 0.763262
vt 0.642558 0.759010
vt 0.667584 0.754451
vt 0.690840 0.750806
vt 0.075588 0.430101
vt 0.090272 0.408678
vt 0.108402 0.389046
vt 0.125120 0.376465
vt 0.476428 0.304077
vt 0.457126 0.311638
vt 0.433409 0.321695
vt 0.411632 0.331554
vt 0.469532 0.658728
vt 0.446564 0.650601
vt 0.421685 0.646157
vt 0.401561 0.646586
vt 0.619117 0.727366
vt 0.639296 0.724076
vt 0.664567 0.722145
vt 0.688159 0.722089
vt 0.058320 0.409691
vt 0.075163 0.390820
vt 0.094873 0.373055
vt 0.112169 0.361158
vt 0.484255 0.323871
vt 0.465303 0.332316
vt 0.442542 0.344788
vt 0.422069 0.357946
vt 0.465786 0.686558
vt 0.442350 0.681910
vt 0.417128 0.680012
vt 0.396879 0.681373
vt 0.619117 0.691621
vt 0.639296 0.689290
vt 0.664567 0.689975
vt 0.688159 0.693494
vt 0.042852 0.386969
vt 0.061628 0.370938
vt 0.082754 0.355253
vt 0.100568 0.344117
vt 0.493786 0.342460
vt 0.475260 0.351734
vt 0.453660 0.366475
vt 0.434776 0.382731
vt 0.464697 0.715127
vt 0.441124 0.714050
vt 0.415803 0.714767
vt 0.395517 0.717085
vt 0.622469 0.656641
vt 0.642558 0.655247
vt 0.667584 0.658493
vt 0.690840 0.665510
vt 0.029449 0.362322
vt 0.049901 0.349372
vt 0.072253 0.335942
vt 0.090516 0.325632
vt 0.504856 0.359525
vt 0.486824 0.369562
vt 0.466575 0.386384
vt 0.449536 0.405485
vt 0.466282 0.743947
vt 0.442907 0.746472
vt 0.417731 0.749826
vt 0.397498 0.753109
vt 0.629116 0.623023
vt 0.649027 0.622530
vt 0.673566 0.628237
vt 0.696158 0.638615
vt 0.018340 0.336174
vt 0.040181 0.326492
vt 0.063549 0.315455
vt 0.082184 0.306020
vt 0.517276 0.374775
vt 0.499799 0.385493
vt 0.481066 0.404176
vt 0.466096 0.425819
vt 0.470514 0.772523
vt 0.447669 0.778621
vt 0.422880 0.784590
vt 0.402789 0.788830
vt 0.638944 0.591343
vt 0.658592 0.591698
vt 0.682411 0.599724
vt 0.704021 0.613271
vt 0.009716 0.308970
vt 0.032635 0.302689
vt 0.056793 0.294141
vt 0.075716 0.285618
vt 0.530834 0.387950
vt 0.513962 0.399256
vt 0.496883 0.419546
vt 0.484173 0.443384
vt 0.477322 0.800368
vt 0.455328 0.809947
vt 0.431161 0.818463
vt 0.411298 0.823636
vt 0.895488 0.943448
vt 0.886718 0.921571
vt 0.911352 0.915514
vt 0.919887 0.936804
vt 0.671089 0.563280
vt 0.693968 0.573443
vt 0.714293 0.589910
vt 0.003724 0.281177
vt 0.027392 0.278370
vt 0.052098 0.272365
vt 0.071222 0.264773
vt 0.940969 0.006760
vt 0.935658 0.019860
vt 0.911047 0.013686
vt 0.916595 0.000000
vt 0.529072 0.410615
vt 0.513758 0.432232
vt 0.503458 0.457882
vt 0.486588 0.827005
vt 0.465752 0.839913
vt 0.442434 0.850868
vt 0.422881 0.856933
vt 0.878809 0.896116
vt 0.903655 0.890741
vt 0.686304 0.537761
vt 0.708039 0.549844
vt 0.726801 0.568933
vt 0.000467 0.253270
vt 0.024542 0.253951
vt 0.049546 0.250500
vt 0.068779 0.243842
vt 0.930855 0.035111
vt 0.906029 0.029617
vt 0.544869 0.419374
vt 0.531400 0.442015
vt 0.523621 0.469062
vt 0.498154 0.851978
vt 0.478764 0.868008
vt 0.456504 0.881247
vt 0.437339 0.888149
vt 0.871897 0.867519
vt 0.896928 0.862910
vt 0.703977 0.515578
vt 0.724383 0.529330
vt 0.741328 0.550698
vt 0.000000 0.225726
vt 0.024133 0.229850
vt 0.049180 0.228920
vt 0.068429 0.223184
vt 0.926643 0.052249
vt 0.901629 0.047521
vt 0.561083 0.425386
vt 0.549508 0.448728
vt 0.544316 0.476735
vt 0.511823 0.874860
vt 0.494141 0.893750
vt 0.473132 0.909083
vt 0.454425 0.916751
vt 0.866099 0.836267
vt 0.891286 0.832495
vt 0.913527 0.823098
vt 0.918744 0.851224
vt 0.742720 0.512252
vt 0.757628 0.535517
vt 0.002331 0.199017
vt 0.026173 0.206480
vt 0.051006 0.207994
vt 0.948196 0.048650
vt 0.944488 0.068221
vt 0.923093 0.070984
vt 0.897921 0.067092
vt 0.875716 0.057589
vt 0.879857 0.035732
vt 0.567773 0.452257
vt 0.565190 0.480768
vt 0.527360 0.895260
vt 0.511620 0.916699
vt 0.492033 0.933899
vt 0.850357 0.863816
vt 0.844716 0.833402
vt 0.861516 0.802896
vt 0.886826 0.800019
vt 0.909402 0.793064
vt 0.762737 0.498902
vt 0.775421 0.523651
vt 0.007421 0.173600
vt 0.030626 0.184240
vt 0.054994 0.188080
vt 0.941536 0.089123
vt 0.920268 0.090993
vt 0.894970 0.087995
vt 0.872420 0.080933
vt 0.585881 0.452542
vt 0.585885 0.481093
vt 0.544499 0.912827
vt 0.530902 0.936463
vt 0.512883 0.955270
vt 0.840255 0.800926
vt 0.858226 0.767978
vt 0.883623 0.766036
vt 0.906440 0.761638
vt 0.784092 0.489509
vt 0.794403 0.515301
vt 0.015182 0.149910
vt 0.037417 0.163511
vt 0.061075 0.169519
vt 0.939391 0.111000
vt 0.918214 0.111934
vt 0.892824 0.109872
vt 0.870024 0.105365
vt 0.603523 0.449577
vt 0.606048 0.477705
vt 0.562947 0.927262
vt 0.551656 0.952702
vt 0.535325 0.972831
vt 0.837053 0.766943
vt 0.856284 0.732109
vt 0.881733 0.731128
vt 0.904693 0.729356
vt 0.806418 0.484233
vt 0.814248 0.510612
vt 0.025481 0.128352
vt 0.046429 0.144648
vt 0.069144 0.152628
vt 0.938089 0.133476
vt 0.916968 0.133450
vt 0.891522 0.132348
vt 0.868570 0.130466
vt 0.620397 0.443413
vt 0.625332 0.470660
vt 0.582389 0.938318
vt 0.573529 0.965140
vt 0.558977 0.986280
vt 0.835163 0.732035
vt 0.855724 0.695903
vt 0.881189 0.695893
vt 0.904189 0.696770
vt 0.829334 0.483165
vt 0.834618 0.509663
vt 0.038143 0.109294
vt 0.057508 0.127973
vt 0.079064 0.137696
vt 0.937653 0.156168
vt 0.916550 0.155172
vt 0.891086 0.155040
vt 0.868083 0.155808
vt 0.636215 0.434155
vt 0.643410 0.460080
vt 0.602492 0.945805
vt 0.596144 0.973563
vt 0.583432 0.995389
vt 0.834618 0.696799
vt 0.856556 0.659980
vt 0.881999 0.660932
vt 0.904938 0.664440
vt 0.026158 0.086667
vt 0.042816 0.068408
vt 0.052950 0.093064
vt 0.323652 0.928353
vt 0.303399 0.923561
vt 0.310825 0.896142
vt 0.328545 0.900335
vt 0.324377 0.874963
vt 0.340244 0.878717
vt 0.938089 0.178687
vt 0.916968 0.176728
vt 0.891522 0.177559
vt 0.868570 0.180957
vt 0.174740 0.517640
vt 0.156840 0.514555
vt 0.152295 0.487885
vt 0.172752 0.491411
vt 0.659970 0.446146
vt 0.677010 0.467489
vt 0.658379 0.483165
vt 0.619117 0.977828
vt 0.608273 1.000000
vt 0.835428 0.661839
vt 0.858766 0.624955
vt 0.884149 0.626845
vt 0.906926 0.632917
vt 0.061603 0.053642
vt 0.069650 0.079939
vt 0.283608 0.915093
vt 0.293507 0.888732
vt 0.308871 0.868328
vt 0.939391 0.200647
vt 0.918214 0.197749
vt 0.892824 0.199519
vt 0.870024 0.205482
vt 0.139002 0.514761
vt 0.131909 0.488121
vt 0.674730 0.429096
vt 0.693614 0.448308
vt 0.715214 0.459532
vt 0.697258 0.480273
vt 0.837578 0.627752
vt 0.862315 0.591426
vt 0.887603 0.594215
vt 0.910120 0.602741
vt 0.082198 0.042621
vt 0.087956 0.070142
vt 0.264616 0.903091
vt 0.276890 0.878231
vt 0.293991 0.858925
vt 0.941536 0.221673
vt 0.920268 0.217876
vt 0.894970 0.220545
vt 0.872420 0.228964
vt 0.121531 0.518254
vt 0.111942 0.492113
vt 0.687437 0.409222
vt 0.707910 0.425950
vt 0.730672 0.435355
vt 0.841032 0.595121
vt 0.867143 0.559967
vt 0.892301 0.563599
vt 0.914465 0.574428
vt 0.104247 0.035534
vt 0.107556 0.063843
vt 0.246749 0.887763
vt 0.261256 0.864819
vt 0.279992 0.846915
vt 0.944488 0.241405
vt 0.923093 0.236765
vt 0.897921 0.240277
vt 0.875716 0.251001
vt 0.104728 0.524975
vt 0.092738 0.499793
vt 0.697874 0.386864
vt 0.719652 0.400797
vt 0.743369 0.408156
vt 0.845731 0.564506
vt 0.919887 0.548463
vt 0.948196 0.259506
vt 0.879857 0.271215
vt 0.851594 0.536429
s 1
usemtl Bag
f 1/1/1 2/2/2 4/3/3 3/4/4
f 3/4/4 4/3/3 6/5/5 5/6/6
f 5/6/6 6/5/5 8/7/7 7/8/8
f 7/9/8 8/10/7 10/11/9 9/12/10
f 9/12/10 10/11/9 12/13/11 11/14/12
f 11/14/12 12/13/11 14/15/13 13/16/14
f 13/16/14 14/15/13 16/17/15 15/18/16
f 15/18/16 16/17/15 18/19/17 17/20/18
f 17/20/18 18/19/17 20/21/19 19/22/20
f 19/22/20 20/21/19 22/23/21 21/24/22
f 21/25/22 22/26/21 24/27/23 23/28/24
f 23/28/24 24/27/23 26/29/25 25/30/26
f 25/30/26 26/29/25 28/31/27 27/32/28
f 27/32/28 28/31/27 30/33/29 29/34/30
f 29/34/30 30/33/29 32/35/31 31/36/32
f 31/37/32 32/38/31 34/39/33 33/40/34
f 33/40/34 34/39/33 36/41/35 35/42/36
f 35/42/36 36/41/35 38/43/37 37/44/38
f 37/44/38 38/43/37 40/45/39 39/46/40
f 39/46/40 40/45/39 42/47/41 41/48/42
f 41/48/42 42/47/41 44/49/43 43/50/44
f 43/50/44 44/49/43 46/51/45 45/52/46
f 45/53/46 46/54/45 48/5/47 47/55/48
f 47/55/48 48/5/47 50/3/49 49/56/50
f 49/56/50 50/3/49 52/57/51 51/58/52
f 51/59/52 52/60/51 54/61/53 53/62/54
f 53/62/54 54/61/53 56/63/55 55/64/56
f 55/64/56 56/63/55 58/65/57 57/66/58
f 57/66/58 58/65/57 60/67/59 59/68/60
f 59/68/60 60/67/59 62/69/61 61/70/62
f 4/71/3 2/72/2 64/73/63 62/74/61 60/75/59 58/76/57 56/77/55 54/78/53 52/79/51 50/80/49 48/81/47 46/82/45 44/83/43 42/84/41 40/85/39 38/86/37 36/87/35 34/88/33 32/89/31 30/90/29 28/91/27 26/92/25 24/93/23 22/94/21 20/95/19 18/96/17 16/97/15 14/98/13 12/99/11 10/100/9 8/101/7 6/102/5
f 63/103/64 64/104/63 2/105/2 1/106/1
f 61/70/62 62/69/61 64/104/63 63/103/64
f 57/66/58 59/68/60 94/107/65 93/108/66
f 94/107/65 95/109/67 127/110/68 126/111/69
f 49/56/50 51/58/52 90/112/70 89/113/71
f 41/48/42 43/50/44 86/114/72 85/115/73
f 33/40/34 35/42/36 82/116/74 81/117/75
f 25/30/26 27/32/28 78/118/76 77/119/77
f 9/12/10 11/14/12 70/120/78 69/121/79
f 17/20/18 19/22/20 74/122/80 73/123/81
f 63/103/64 1/106/1 65/124/82 96/125/83
f 55/64/56 57/66/58 93/108/66 92/126/84
f 47/55/48 49/56/50 89/113/71 88/127/85
f 39/46/40 41/48/42 85/115/73 84/128/86
f 31/37/32 33/40/34 81/117/75 80/129/87
f 15/18/16 17/20/18 73/123/81 72/130/88
f 23/28/24 25/30/26 77/119/77 76/131/89
f 7/9/8 9/12/10 69/121/79 68/132/90
f 61/70/62 63/103/64 96/125/83 95/109/67
f 53/62/54 55/64/56 92/126/84 91/133/91
f 45/53/46 47/55/48 88/127/85 87/134/92
f 37/44/38 39/46/40 84/128/86 83/135/93
f 21/25/22 23/28/24 76/131/89 75/136/94
f 5/6/6 7/8/8 68/137/90 67/138/95
f 29/34/30 31/36/32 80/139/87 79/140/96
f 13/16/14 15/18/16 72/130/88 71/141/97
f 59/68/60 61/70/62 95/109/67 94/107/65
f 51/59/52 53/62/54 91/133/91 90/142/70
f 43/50/44 45/52/46 87/143/92 86/114/72
f 35/42/36 37/44/38 83/135/93 82/116/74
f 11/14/12 13/16/14 71/141/97 70/120/78
f 19/22/20 21/24/22 75/144/94 74/122/80
f 3/4/4 5/6/6 67/138/95 66/145/98
f 1/1/1 3/4/4 66/145/98 65/146/82
f 27/32/28 29/34/30 79/140/96 78/118/76
f 126/111/69 127/110/68 159/147/99 158/148/100
f 90/142/70 91/133/91 123/149/101 122/150/102
f 86/114/72 87/143/92 119/151/103 118/152/104
f 82/116/74 83/135/93 115/153/105 114/154/106
f 70/120/78 71/141/97 103/155/107 102/156/108
f 66/145/98 67/138/95 99/157/109 98/158/110
f 78/118/76 79/140/96 111/159/111 110/160/112
f 74/122/80 75/144/94 107/161/113 106/162/114
f 95/109/67 96/125/83 128/163/115 127/110/68
f 91/133/91 92/126/84 124/164/116 123/149/101
f 87/134/92 88/127/85 120/165/117 119/166/103
f 83/135/93 84/128/86 116/167/118 115/153/105
f 75/136/94 76/131/89 108/168/119 107/169/113
f 71/141/97 72/130/88 104/170/120 103/155/107
f 67/138/95 68/137/90 100/171/121 99/157/109
f 79/140/96 80/139/87 112/172/122 111/159/111
f 96/125/83 65/124/82 97/173/123 128/163/115
f 92/126/84 93/108/66 125/174/124 124/164/116
f 88/127/85 89/113/71 121/175/125 120/165/117
f 84/128/86 85/115/73 117/176/126 116/167/118
f 80/129/87 81/117/75 113/177/127 112/178/122
f 76/131/89 77/119/77 109/179/128 108/168/119
f 72/130/88 73/123/81 105/180/129 104/170/120
f 68/132/90 69/121/79 101/181/130 100/182/121
f 93/108/66 94/107/65 126/111/69 125/174/124
f 89/113/71 90/112/70 122/183/102 121/175/125
f 85/115/73 86/114/72 118/152/104 117/176/126
f 81/117/75 82/116/74 114/154/106 113/177/127
f 65/146/82 66/145/98 98/158/110 97/184/123
f 77/119/77 78/118/76 110/160/112 109/179/128
f 73/123/81 74/122/80 106/162/114 105/180/129
f 69/121/79 70/120/78 102/156/108 101/181/130
f 158/148/100 159/147/99 191/185/131 190/186/132
f 122/150/102 123/149/101 155/187/133 154/188/134
f 118/152/104 119/151/103 151/189/135 150/190/136
f 114/154/106 115/153/105 147/191/137 146/192/138
f 98/158/110 99/157/109 131/193/139 130/194/140
f 110/160/112 111/159/111 143/195/141 142/196/142
f 106/162/114 107/161/113 139/197/143 138/198/144
f 102/156/108 103/155/107 135/199/145 134/200/146
f 127/110/68 128/163/115 160/201/147 159/147/99
f 123/149/101 124/164/116 156/202/148 155/187/133
f 119/151/103 120/203/117 152/204/149 151/189/135
f 115/153/105 116/167/118 148/205/150 147/191/137
f 103/155/107 104/170/120 136/206/151 135/199/145
f 99/207/109 100/182/121 132/208/152 131/209/139
f 111/159/111 112/172/122 144/210/153 143/195/141
f 107/169/113 108/168/119 140/211/154 139/212/143
f 128/163/115 97/173/123 129/213/155 160/201/147
f 124/164/116 125/174/124 157/214/156 156/202/148
f 120/165/117 121/175/125 153/215/157 152/216/149
f 116/167/118 117/176/126 149/217/158 148/205/150
f 108/168/119 109/179/128 141/218/159 140/211/154
f 104/170/120 105/180/129 137/219/160 136/206/151
f 100/182/121 101/181/130 133/220/161 132/208/152
f 112/178/122 113/177/127 145/221/162 144/222/153
f 125/174/124 126/111/69 158/148/100 157/214/156
f 121/223/125 122/150/102 154/188/134 153/224/157
f 117/176/126 118/152/104 150/190/136 149/217/158
f 113/177/127 114/154/106 146/192/138 145/221/162
f 109/179/128 110/160/112 142/196/142 141/218/159
f 105/180/129 106/162/114 138/198/144 137/219/160
f 101/181/130 102/156/108 134/200/146 133/220/161
f 97/173/123 98/225/110 130/226/140 129/213/155
f 190/186/132 191/185/131 223/227/163 222/228/164
f 154/188/134 155/187/133 187/229/165 186/230/166
f 150/190/136 151/189/135 183/231/167 182/232/168
f 146/192/138 147/191/137 179/233/169 178/234/170
f 142/196/142 143/195/141 175/235/171 174/236/172
f 138/198/144 139/197/143 171/237/173 170/238/174
f 134/200/146 135/199/145 167/239/175 166/240/176
f 130/194/140 131/193/139 163/241/177 162/242/178
f 159/147/99 160/201/147 192/243/179 191/185/131
f 155/187/133 156/202/148 188/244/180 187/229/165
f 151/189/135 152/204/149 184/245/181 183/231/167
f 147/191/137 148/205/150 180/246/182 179/233/169
f 131/209/139 132/208/152 164/247/183 163/248/177
f 143/195/141 144/210/153 176/249/184 175/235/171
f 139/212/143 140/211/154 172/250/185 171/251/173
f 135/199/145 136/206/151 168/252/186 167/239/175
f 160/201/147 129/213/155 161/253/187 192/243/179
f 156/202/148 157/214/156 189/254/188 188/244/180
f 152/216/149 153/215/157 185/255/189 184/256/181
f 148/205/150 149/217/158 181/257/190 180/246/182
f 136/206/151 137/219/160 169/258/191 168/252/186
f 132/208/152 133/220/161 165/259/192 164/247/183
f 144/222/153 145/221/162 177/260/193 176/261/184
f 140/211/154 141/218/159 173/262/194 172/250/185
f 157/214/156 158/148/100 190/186/132 189/254/188
f 153/224/157 154/188/134 186/230/166 185/263/189
f 149/217/158 150/190/136 182/232/168 181/257/190
f 145/221/162 146/192/138 178/234/170 177/260/193
f 141/218/159 142/196/142 174/236/172 173/262/194
f 137/219/160 138/198/144 170/238/174 169/258/191
f 133/220/161 134/200/146 166/240/176 165/259/192
f 129/213/155 130/226/140 162/264/178 161/253/187
f 222/228/164 223/227/163 255/265/195 254/266/196
f 186/230/166 187/229/165 219/267/197 218/268/198
f 182/232/168 183/231/167 215/269/199 214/270/200
f 178/234/170 179/233/169 211/271/201 210/272/202
f 174/236/172 175/235/171 207/273/203 206/274/204
f 170/238/174 171/237/173 203/275/205 202/276/206
f 166/240/176 167/239/175 199/277/207 198/278/208
f 162/264/178 163/279/177 195/280/209 194/281/210
f 191/185/131 192/243/179 224/282/211 223/227/163
f 187/229/165 188/244/180 220/283/212 219/267/197
f 183/231/167 184/245/181 216/284/213 215/269/199
f 179/233/169 180/246/182 212/285/214 211/271/201
f 175/235/171 176/249/184 208/286/215 207/273/203
f 171/251/173 172/250/185 204/287/216 203/288/205
f 167/239/175 168/252/186 200/289/217 199/277/207
f 163/248/177 164/247/183 196/290/218 195/291/209
f 192/243/179 161/253/187 193/292/219 224/282/211
f 188/244/180 189/254/188 221/293/220 220/283/212
f 184/245/181 185/294/189 217/295/221 216/284/213
f 180/246/182 181/257/190 213/296/222 212/285/214
f 164/247/183 165/259/192 197/297/223 196/290/218
f 176/261/184 177/260/193 209/298/224 208/299/215
f 172/250/185 173/262/194 205/300/225 204/287/216
f 168/252/186 169/258/191 201/301/226 200/289/217
f 189/254/188 190/186/132 222/228/164 221/293/220
f 185/263/189 186/230/166 218/268/198 217/302/221
f 181/257/190 182/232/168 214/270/200 213/296/222
f 177/260/193 178/234/170 210/272/202 209/298/224
f 169/258/191 170/238/174 202/276/206 201/301/226
f 165/259/192 166/240/176 198/278/208 197/297/223
f 161/253/187 162/264/178 194/281/210 193/292/219
f 173/262/194 174/236/172 206/274/204 205/300/225
f 254/266/196 255/265/195 287/303/227 286/304/228
f 218/268/198 219/267/197 251/305/229 250/306/230
f 214/270/200 215/269/199 247/307/231 246/308/232
f 210/272/202 211/271/201 243/309/233 242/310/234
f 202/276/206 203/275/205 235/311/235 234/312/236
f 198/278/208 199/277/207 231/313/237 230/314/238
f 194/315/210 195/316/209 227/317/239 226/318/240
f 206/274/204 207/273/203 239/319/241 238/320/242
f 223/227/163 224/282/211 256/321/243 255/265/195
f 219/267/197 220/283/212 252/322/244 251/305/229
f 215/269/199 216/284/213 248/323/245 247/307/231
f 211/271/201 212/285/214 244/324/246 243/309/233
f 207/273/203 208/286/215 240/325/247 239/319/241
f 203/288/205 204/287/216 236/326/248 235/327/235
f 199/277/207 200/289/217 232/328/249 231/313/237
f 195/291/209 196/290/218 228/329/250 227/330/239
f 224/282/211 193/292/219 225/331/251 256/321/243
f 220/283/212 221/293/220 253/332/252 252/322/244
f 216/333/213 217/334/221 249/335/253 248/336/245
f 212/285/214 213/296/222 245/337/254 244/324/246
f 208/299/215 209/298/224 241/338/255 240/339/247
f 204/287/216 205/300/225 237/340/256 236/326/248
f 200/289/217 201/301/226 233/341/257 232/328/249
f 196/290/218 197/297/223 229/342/258 228/329/250
f 221/293/220 222/228/164 254/266/196 253/332/252
f 217/302/221 218/268/198 250/306/230 249/343/253
f 213/296/222 214/270/200 246/308/232 245/337/254
f 209/298/224 210/272/202 242/310/234 241/338/255
f 197/297/223 198/278/208 230/314/238 229/342/258
f 193/292/219 194/281/210 226/344/240 225/331/251
f 205/300/225 206/274/204 238/320/242 237/340/256
f 201/301/226 202/276/206 234/312/236 233/341/257
f 286/304/228 287/303/227 319/345/259 318/346/260
f 250/306/230 251/305/229 283/347/261 282/348/262
f 246/308/232 247/307/231 279/349/263 278/350/264
f 242/310/234 243/309/233 275/351/265 274/352/266
f 230/314/238 231/313/237 263/353/267 262/354/268
f 226/318/240 227/317/239 259/355/269 258/356/270
f 238/320/242 239/319/241 271/357/271 270/358/272
f 234/312/236 235/311/235 267/359/273 266/360/274
f 255/265/195 256/321/243 288/361/275 287/303/227
f 251/305/229 252/322/244 284/362/276 283/347/261
f 247/363/231 248/336/245 280/364/277 279/365/263
f 243/309/233 244/324/246 276/366/278 275/351/265
f 235/327/235 236/326/248 268/367/279 267/368/273
f 231/313/237 232/328/249 264/369/280 263/353/267
f 227/317/239 228/370/250 260/371/281 259/355/269
f 239/319/241 240/325/247 272/372/282 271/357/271
f 256/321/243 225/331/251 257/373/283 288/361/275
f 252/322/244 253/332/252 285/374/284 284/362/276
f 248/336/245 249/335/253 281/375/285 280/364/277
f 244/324/246 245/337/254 277/376/286 276/366/278
f 240/339/247 241/338/255 273/377/287 272/378/282
f 236/326/248 237/340/256 269/379/288 268/367/279
f 232/328/249 233/341/257 265/380/289 264/369/280
f 228/329/250 229/342/258 261/381/290 260/382/281
f 253/332/252 254/266/196 286/304/228 285/374/284
f 249/335/253 250/383/230 282/384/262 281/375/285
f 245/337/254 246/308/232 278/350/264 277/376/286
f 241/338/255 242/310/234 274/352/266 273/377/287
f 225/385/251 226/318/240 258/356/270 257/386/283
f 237/340/256 238/320/242 270/358/272 269/379/288
f 233/341/257 234/312/236 266/360/274 265/380/289
f 229/342/258 230/314/238 262/354/268 261/381/290
f 318/346/260 319/345/259 351/387/291 350/388/292
f 282/348/262 283/347/261 315/389/293 314/390/294
f 278/350/264 279/349/263 311/391/295 310/392/296
f 274/352/266 275/351/265 307/393/297 306/394/298
f 258/356/270 259/355/269 291/395/299 290/396/300
f 270/358/272 271/357/271 303/397/301 302/398/302
f 266/360/274 267/359/273 299/399/303 298/400/304
f 262/354/268 263/353/267 295/401/305 294/402/306
f 287/303/227 288/361/275 320/403/307 319/345/259
f 283/347/261 284/362/276 316/404/308 315/389/293
f 279/365/263 280/364/277 312/405/309 311/406/295
f 275/351/265 276/366/278 308/407/310 307/393/297
f 263/353/267 264/369/280 296/408/311 295/401/305
f 259/355/269 260/371/281 292/409/312 291/395/299
f 271/357/271 272/372/282 304/410/313 303/397/301
f 267/368/273 268/367/279 300/411/314 299/412/303
f 288/361/275 257/373/283 289/413/315 320/403/307
f 284/362/276 285/374/284 317/414/316 316/404/308
f 280/364/277 281/375/285 313/415/317 312/405/309
f 276/366/278 277/376/286 309/416/318 308/407/310
f 268/367/279 269/379/288 301/417/319 300/411/314
f 264/369/280 265/380/289 297/418/320 296/408/311
f 260/382/281 261/381/290 293/419/321 292/420/312
f 272/378/282 273/377/287 305/421/322 304/422/313
f 285/374/284 286/304/228 318/346/260 317/414/316
f 281/375/285 282/384/262 314/423/294 313/415/317
f 277/376/286 278/350/264 310/392/296 309/416/318
f 273/377/287 274/352/266 306/394/298 305/421/322
f 269/379/288 270/358/272 302/398/302 301/417/319
f 265/380/289 266/360/274 298/400/304 297/418/320
f 261/381/290 262/354/268 294/402/306 293/419/321
f 257/386/283 258/356/270 290/396/300 289/424/315
f 350/388/292 351/387/291 383/425/323 382/426/324
f 314/423/294 315/427/293 347/428/325 346/429/326
f 310/430/296 311/406/295 343/431/327 342/432/328
f 306/394/298 307/393/297 339/433/329 338/434/330
f 302/398/302 303/397/301 335/435/331 334/436/332
f 298/437/304 299/412/303 331/438/333 330/439/334
f 294/402/306 295/401/305 327/440/335 326/441/336
f 290/396/300 291/395/299 323/442/337 322/443/338
f 319/444/259 320/445/307 352/446/339 351/447/291
f 315/427/293 316/448/308 348/449/340 347/428/325
f 311/406/295 312/405/309 344/450/341 343/431/327
f 307/393/297 308/407/310 340/451/342 339/433/329
f 291/395/299 292/409/312 324/452/343 323/442/337
f 303/397/301 304/410/313 336/453/344 335/435/331
f 299/412/303 300/411/314 332/454/345 331/438/333
f 295/401/305 296/408/311 328/455/346 327/440/335
f 320/445/307 289/424/315 321/456/347 352/446/339
f 316/404/308 317/414/316 349/457/348 348/458/340
f 312/405/309 313/415/317 345/459/349 344/450/341
f 308/407/310 309/416/318 341/460/350 340/451/342
f 296/408/311 297/418/320 329/461/351 328/455/346
f 292/409/312 293/462/321 325/463/352 324/452/343
f 304/410/313 305/464/322 337/465/353 336/453/344
f 300/411/314 301/417/319 333/466/354 332/454/345
f 317/414/316 318/346/260 350/388/292 349/457/348
f 313/415/317 314/423/294 346/429/326 345/459/349
f 309/467/318 310/430/296 342/432/328 341/468/350
f 305/421/322 306/394/298 338/434/330 337/469/353
f 301/417/319 302/398/302 334/436/332 333/466/354
f 297/418/320 298/400/304 330/470/334 329/461/351
f 293/462/321 294/471/306 326/472/336 325/463/352
f 289/424/315 290/396/300 322/443/338 321/456/347
f 382/473/324 383/474/323 415/475/355 414/476/356
f 346/429/326 347/428/325 379/477/357 378/478/358
f 342/432/328 343/431/327 375/479/359 374/480/360
f 338/434/330 339/433/329 371/481/361 370/482/362
f 334/436/332 335/435/331 367/483/363 366/484/364
f 330/439/334 331/438/333 363/485/365 362/486/366
f 326/441/336 327/440/335 359/487/367 358/488/368
f 322/443/338 323/442/337 355/489/369 354/490/370
f 351/447/291 352/446/339 384/491/371 383/474/323
f 347/428/325 348/449/340 380/492/372 379/477/357
f 343/431/327 344/450/341 376/493/373 375/479/359
f 339/433/329 340/451/342 372/494/374 371/481/361
f 335/435/331 336/453/344 368/495/375 367/483/363
f 331/438/333 332/454/345 364/496/376 363/485/365
f 327/440/335 328/455/346 360/497/377 359/487/367
f 323/442/337 324/452/343 356/498/378 355/489/369
f 352/446/339 321/456/347 353/499/379 384/491/371
f 348/458/340 349/457/348 381/500/380 380/501/372
f 344/450/341 345/459/349 377/502/381 376/493/373
f 340/451/342 341/460/350 373/503/382 372/494/374
f 324/452/343 325/463/352 357/504/383 356/498/378
f 336/453/344 337/465/353 369/505/384 368/495/375
f 332/454/345 333/466/354 365/506/385 364/496/376
f 328/455/346 329/461/351 361/507/386 360/497/377
f 349/457/348 350/388/292 382/426/324 381/500/380
f 345/459/349 346/429/326 378/478/358 377/502/381
f 341/468/350 342/432/328 374/480/360 373/508/382
f 337/469/353 338/434/330 370/482/362 369/509/384
f 329/461/351 330/470/334 362/510/366 361/507/386
f 325/463/352 326/472/336 358/511/368 357/504/383
f 321/456/347 322/443/338 354/490/370 353/499/379
f 333/466/354 334/436/332 366/484/364 365/506/385
f 414/512/356 415/513/355 447/514/387 446/515/388
f 378/478/358 379/477/357 411/516/389 410/517/390
f 374/480/360 375/479/359 407/518/391 406/519/392
f 370/482/362 371/481/361 403/520/393 402/521/394
f 362/486/366 363/485/365 395/522/395 394/523/396
f 358/511/368 359/524/367 391/525/397 390/526/398
f 354/490/370 355/489/369 387/527/399 386/528/400
f 366/484/364 367/483/363 399/529/401 398/530/402
f 383/474/323 384/491/371 416/531/403 415/475/355
f 379/477/357 380/492/372 412/532/404 411/516/389
f 375/479/359 376/493/373 408/533/405 407/518/391
f 371/481/361 372/494/374 404/534/406 403/520/393
f 367/483/363 368/495/375 400/535/407 399/529/401
f 363/485/365 364/496/376 396/536/408 395/522/395
f 359/487/367 360/497/377 392/537/409 391/538/397
f 355/489/369 356/498/378 388/539/410 387/527/399
f 384/491/371 353/499/379 385/540/411 416/531/403
f 380/492/372 381/541/380 413/542/412 412/532/404
f 376/493/373 377/502/381 409/543/413 408/533/405
f 372/544/374 373/508/382 405/545/414 404/546/406
f 368/495/375 369/505/384 401/547/415 400/535/407
f 364/496/376 365/506/385 397/548/416 396/536/408
f 360/497/377 361/507/386 393/549/417 392/537/409
f 356/498/378 357/504/383 389/550/418 388/539/410
f 381/500/380 382/426/324 414/551/356 413/552/412
f 377/502/381 378/478/358 410/517/390 409/543/413
f 373/508/382 374/480/360 406/519/392 405/545/414
f 369/505/384 370/553/362 402/554/394 401/547/415
f 357/504/383 358/511/368 390/526/398 389/550/418
f 353/499/379 354/490/370 386/528/400 385/540/411
f 365/506/385 366/484/364 398/530/402 397/548/416
f 361/555/386 362/486/366 394/523/396 393/556/417
f 446/515/388 447/514/387 479/557/419 478/558/420
f 410/559/390 411/560/389 443/561/421 442/562/422
f 406/563/392 407/564/391 439/565/423 438/566/424
f 402/567/394 403/568/393 435/569/425 434/570/426
f 390/571/398 391/572/397 423/573/427 422/574/428
f 386/575/400 387/576/399 419/577/429 418/578/430
f 398/579/402 399/580/401 431/581/431 430/582/432
f 394/583/396 395/584/395 427/585/433 426/586/434
f 415/513/355 416/587/403 448/588/435 447/514/387
f 411/560/389 412/589/404 444/590/436 443/561/421
f 407/564/391 408/591/405 440/592/437 439/565/423
f 403/568/393 404/593/406 436/594/438 435/569/425
f 395/584/395 396/595/408 428/596/439 427/585/433
f 391/572/397 392/597/409 424/598/440 423/573/427
f 387/576/399 388/599/410 420/600/441 419/577/429
f 399/580/401 400/601/407 432/602/442 431/581/431
f 416/587/403 385/603/411 417/604/443 448/588/435
f 412/589/404 413/605/412 445/606/444 444/590/436
f 408/591/405 409/607/413 441/608/445 440/592/437
f 404/593/406 405/609/414 437/610/446 436/594/438
f 400/601/407 401/611/415 433/612/447 432/602/442
f 396/595/408 397/613/416 429/614/448 428/596/439
f 392/597/409 393/615/417 425/616/449 424/598/440
f 388/599/410 389/617/418 421/618/450 420/600/441
f 413/605/412 414/512/356 446/515/388 445/606/444
f 409/607/413 410/559/390 442/562/422 441/608/445
f 405/609/414 406/563/392 438/566/424 437/610/446
f 401/611/415 402/567/394 434/570/426 433/612/447
f 385/603/411 386/575/400 418/578/430 417/604/443
f 397/613/416 398/579/402 430/582/432 429/614/448
f 393/615/417 394/583/396 426/586/434 425/616/449
f 389/617/418 390/571/398 422/574/428 421/618/450
f 478/558/420 479/557/419 511/619/451 510/620/452
f 442/562/422 443/561/421 475/621/453 474/622/454
f 438/566/424 439/565/423 471/623/455 470/624/456
f 434/570/426 435/569/425 467/625/457 466/626/458
f 418/578/430 419/577/429 451/627/459 450/628/460
f 430/582/432 431/581/431 463/629/461 462/630/462
f 426/586/434 427/585/433 459/631/463 458/632/464
f 422/574/428 423/573/427 455/633/465 454/634/466
f 447/514/387 448/588/435 480/635/467 479/557/419
f 443/561/421 444/590/436 476/636/468 475/621/453
f 439/565/423 440/592/437 472/637/469 471/623/455
f 435/569/425 436/594/438 468/638/470 467/625/457
f 423/573/427 424/598/440 456/639/471 455/633/465
f 419/577/429 420/600/441 452/640/472 451/627/459
f 431/581/431 432/602/442 464/641/473 463/629/461
f 427/585/433 428/596/439 460/642/474 459/631/463
f 448/588/435 417/604/443 449/643/475 480/635/467
f 444/590/436 445/606/444 477/644/476 476/636/468
f 440/592/437 441/608/445 473/645/477 472/637/469
f 436/594/438 437/610/446 469/646/478 468/638/470
f 428/596/439 429/614/448 461/647/479 460/642/474
f 424/598/440 425/616/449 457/648/480 456/639/471
f 420/600/441 421/618/450 453/649/481 452/640/472
f 432/602/442 433/612/447 465/650/482 464/641/473
f 445/606/444 446/515/388 478/558/420 477/644/476
f 441/608/445 442/562/422 474/622/454 473/645/477
f 437/610/446 438/566/424 470/624/456 469/646/478
f 433/612/447 434/570/426 466/626/458 465/650/482
f 429/614/448 430/582/432 462/630/462 461/647/479
f 425/616/449 426/586/434 458/632/464 457/648/480
f 421/618/450 422/574/428 454/634/466 453/649/481
f 417/604/443 418/578/430 450/628/460 449/643/475
f 481/651/483 482/652/484 483/653/485 484/654/486 485/655/487 486/656/488 487/657/489 488/658/490 489/659/491 490/660/492 491/661/493 492/662/494 493/663/495 494/664/496 495/665/497 496/666/498 497/667/499 498/668/500 499/669/501 500/670/502 501/671/503 502/672/504 503/673/505 504/674/506 505/675/507 506/676/508 507/677/509 508/678/510 509/679/511 510/620/452 511/619/451 512/680/512
f 474/622/454 475/621/453 507/677/509 506/676/508
f 470/624/456 471/623/455 503/673/505 502/672/504
f 466/626/458 467/625/457 499/669/501 498/668/500
f 462/630/462 463/629/461 495/665/497 494/664/496
f 458/632/464 459/631/463 491/661/493 490/660/492
f 454/634/466 455/633/465 487/657/489 486/656/488
f 450/628/460 451/627/459 483/653/485 482/652/484
f 479/557/419 480/635/467 512/680/512 511/619/451
f 475/621/453 476/636/468 508/678/510 507/677/509
f 471/623/455 472/637/469 504/674/506 503/673/505
f 467/625/457 468/638/470 500/670/502 499/669/501
f 451/627/459 452/640/472 484/654/486 483/653/485
f 463/629/461 464/641/473 496/666/498 495/665/497
f 459/631/463 460/642/474 492/662/494 491/661/493
f 455/633/465 456/639/471 488/658/490 487/657/489
f 480/635/467 449/643/475 481/651/483 512/680/512
f 476/636/468 477/644/476 509/679/511 508/678/510
f 472/637/469 473/645/477 505/675/507 504/674/506
f 468/638/470 469/646/478 501/671/503 500/670/502
f 456/639/471 457/648/480 489/659/491 488/658/490
f 452/640/472 453/649/481 485/655/487 484/654/486
f 464/641/473 465/650/482 497/667/499 496/666/498
f 460/642/474 461/647/479 493/663/495 492/662/494
f 477/644/476 478/558/420 510/620/452 509/679/511
f 473/645/477 474/622/454 506/676/508 505/675/507
f 469/646/478 470/624/456 502/672/504 501/671/503
f 465/650/482 466/626/458 498/668/500 497/667/499
f 461/647/479 462/630/462 494/664/496 493/663/495
f 457/648/480 458/632/464 490/660/492 489/659/491
f 453/649/481 454/634/466 486/656/488 485/655/487
f 449/643/475 450/628/460 482/652/484 481/651/483
f 513/681/513 525/682/513 526/683/513 514/684/513
f 514/685/514 526/686/514 527/687/514 515/688/514
f 515/688/515 527/687/515 528/689/515 516/690/515
f 516/691/516 528/692/516 529/693/516 517/694/516
f 517/694/517 529/693/517 530/695/517 518/696/517
f 518/696/518 530/695/518 531/697/518 519/698/518
f 519/699/519 531/700/519 532/701/519 520/702/519
f 520/703/520 532/704/520 533/705/520 521/706/520
f 521/706/521 533/705/521 534/707/521 522/708/521
f 522/709/522 534/710/522 535/711/522 523/712/522
f 523/712/523 535/711/523 536/713/523 524/714/523
f 513/715/524 524/714/524 536/713/524 525/716/524
f 525/682/525 537/717/525 538/718/525 526/683/525
f 526/686/526 538/719/526 539/720/526 527/687/526
f 527/687/527 539/720/527 540/721/527 528/689/527
f 528/692/528 540/722/528 541/723/528 529/693/528
f 529/693/529 541/723/529 542/724/529 530/695/529
f 530/695/530 542/724/530 543/725/530 531/697/530
f 531/700/531 543/726/531 544/727/531 532/701/531
f 532/704/532 544/728/532 545/729/532 533/705/532
f 533/705/533 545/729/533 546/730/533 534/707/533
f 534/710/534 546/731/534 547/732/534 535/711/534
f 535/711/535 547/732/535 548/733/535 536/713/535
f 536/713/536 548/733/536 537/734/536 525/716/536
f 537/735/537 549/736/537 550/737/537 538/719/537
f 538/719/538 550/737/538 551/738/538 539/720/538
f 539/720/539 551/738/539 552/739/539 540/721/539
f 540/722/540 552/740/540 553/741/540 541/723/540
f 541/723/541 553/741/541 554/742/541 542/724/541
f 542/724/542 554/742/542 555/743/542 543/725/542
f 543/744/543 555/745/543 556/746/543 544/728/543
f 544/728/544 556/746/544 557/747/544 545/729/544
f 545/729/545 557/747/545 558/748/545 546/730/545
f 546/731/546 558/749/546 559/750/546 547/732/546
f 547/732/547 559/750/547 560/751/547 548/733/547
f 548/733/548 560/751/548 549/752/548 537/734/548
f 549/736/549 561/753/549 562/754/549 550/737/549
f 550/737/550 562/754/550 563/755/550 551/738/550
f 551/738/551 563/755/551 564/756/551 552/739/551
f 552/740/552 564/757/552 565/758/552 553/741/552
f 553/741/553 565/758/553 566/759/553 554/742/553
f 554/742/554 566/759/554 567/760/554 555/743/554
f 555/745/555 567/761/555 568/762/555 556/746/555
f 556/746/556 568/762/556 569/763/556 557/747/556
f 557/747/557 569/763/557 570/764/557 558/748/557
f 558/749/558 570/765/558 571/766/558 559/750/558
f 559/750/559 571/766/559 572/767/559 560/751/559
f 560/751/560 572/767/560 561/768/560 549/752/560
f 561/753/561 573/769/561 574/770/561 562/754/561
f 562/754/562 574/770/562 575/771/562 563/755/562
f 563/755/563 575/771/563 576/772/563 564/756/563
f 564/757/564 576/773/564 577/774/564 565/758/564
f 565/758/565 577/774/565 578/775/565 566/759/565
f 566/759/566 578/775/566 579/776/566 567/760/566
f 567/761/567 579/777/567 580/778/567 568/762/567
f 568/762/568 580/778/568 581/779/568 569/763/568
f 569/763/569 581/779/569 582/780/569 570/764/569
f 570/765/570 582/781/570 583/782/570 571/766/570
f 571/766/571 583/782/571 584/783/571 572/767/571
f 572/767/572 584/783/572 573/784/572 561/768/572
f 573/769/573 585/785/573 586/786/573 574/770/573
f 574/770/574 586/786/574 587/787/574 575/771/574
f 575/771/575 587/787/575 588/788/575 576/772/575
f 576/773/576 588/789/576 589/790/576 577/774/576
f 577/774/577 589/790/577 590/791/577 578/775/577
f 578/775/578 590/791/578 591/792/578 579/776/578
f 579/777/579 591/793/579 592/794/579 580/778/579
f 580/778/580 592/794/580 593/795/580 581/779/580
f 581/779/581 593/795/581 594/796/581 582/780/581
f 582/781/582 594/797/582 595/798/582 583/782/582
f 583/782/583 595/798/583 596/799/583 584/783/583
f 584/783/584 596/799/584 585/800/584 573/784/584
f 585/785/585 597/801/585 598/802/585 586/786/585
f 586/786/586 598/802/586 599/803/586 587/787/586
f 587/787/587 599/803/587 600/804/587 588/788/587
f 588/789/588 600/805/588 601/806/588 589/790/588
f 589/790/589 601/806/589 602/807/589 590/791/589
f 590/791/590 602/807/590 603/808/590 591/792/590
f 591/793/591 603/809/591 604/810/591 592/794/591
f 592/794/592 604/810/592 605/811/592 593/795/592
f 593/795/593 605/811/593 606/812/593 594/796/593
f 594/797/594 606/813/594 607/814/594 595/798/594
f 595/798/595 607/814/595 608/815/595 596/799/595
f 596/799/596 608/815/596 597/816/596 585/800/596
f 597/801/597 609/817/597 610/818/597 598/802/597
f 598/802/598 610/818/598 611/819/598 599/803/598
f 599/803/599 611/819/599 612/820/599 600/804/599
f 600/805/600 612/821/600 613/822/600 601/806/600
f 601/806/601 613/822/601 614/823/601 602/807/601
f 602/807/602 614/823/602 615/824/602 603/808/602
f 603/809/603 615/825/603 616/826/603 604/810/603
f 604/810/604 616/826/604 617/827/604 605/811/604
f 605/811/605 617/827/605 618/828/605 606/812/605
f 606/813/606 618/829/606 619/830/606 607/814/606
f 607/814/607 619/830/607 620/831/607 608/815/607
f 608/815/608 620/831/608 609/832/608 597/816/608
f 609/817/609 621/833/609 622/834/609 610/818/609
f 610/818/610 622/834/610 623/835/610 611/819/610
f 611/819/611 623/835/611 624/836/611 612/820/611
f 612/821/612 624/837/612 625/838/612 613/822/612
f 613/822/613 625/838/613 626/839/613 614/823/613
f 614/823/614 626/839/614 627/840/614 615/824/614
f 615/825/615 627/841/615 628/842/615 616/826/615
f 616/826/616 628/842/616 629/843/616 617/827/616
f 617/827/617 629/843/617 630/844/617 618/828/617
f 618/829/618 630/845/618 631/846/618 619/830/618
f 619/830/619 631/846/619 632/847/619 620/831/619
f 620/831/620 632/847/620 621/848/620 609/832/620
f 621/833/621 633/849/621 634/850/621 622/834/621
f 622/834/622 634/850/622 635/851/622 623/835/622
f 623/835/623 635/851/623 636/852/623 624/836/623
f 624/837/624 636/853/624 637/854/624 625/838/624
f 625/838/625 637/854/625 638/855/625 626/839/625
f 626/839/626 638/855/626 639/856/626 627/840/626
f 627/841/627 639/857/627 640/858/627 628/842/627
f 628/842/628 640/858/628 641/859/628 629/843/628
f 629/843/629 641/859/629 642/860/629 630/844/629
f 630/845/630 642/861/630 643/862/630 631/846/630
f 631/846/631 643/862/631 644/863/631 632/847/631
f 632/847/632 644/863/632 633/864/632 621/848/632
f 633/849/633 645/865/633 646/866/633 634/850/633
f 634/850/634 646/866/634 647/867/634 635/851/634
f 635/851/635 647/867/635 648/868/635 636/852/635
f 636/853/636 648/869/636 649/870/636 637/854/636
f 637/854/637 649/870/637 650/871/637 638/855/637
f 638/855/638 650/871/638 651/872/638 639/856/638
f 639/857/639 651/873/639 652/874/639 640/858/639
f 640/858/640 652/874/640 653/875/640 641/859/640
f 641/859/641 653/875/641 654/876/641 642/860/641
f 642/861/642 654/877/642 655/878/642 643/862/642
f 643/862/643 655/878/643 656/879/643 644/863/643
f 644/863/644 656/879/644 645/880/644 633/864/644
f 645/865/645 657/881/645 658/882/645 646/866/645
f 646/866/646 658/882/646 659/883/646 647/867/646
f 647/867/647 659/883/647 660/884/647 648/868/647
f 648/869/648 660/885/648 661/886/648 649/870/648
f 649/870/649 661/886/649 662/887/649 650/871/649
f 650/888/650 662/889/650 663/890/650 651/891/650
f 651/873/651 663/892/651 664/893/651 652/874/651
f 652/874/652 664/893/652 665/894/652 653/875/652
f 653/875/653 665/894/653 666/895/653 654/876/653
f 654/877/654 666/896/654 667/897/654 655/878/654
f 655/878/655 667/897/655 668/898/655 656/879/655
f 656/899/656 668/900/656 657/901/656 645/902/656
f 657/881/657 669/903/657 670/904/657 658/882/657
f 658/882/658 670/904/658 671/905/658 659/883/658
f 659/883/659 671/905/659 672/906/659 660/884/659
f 660/885/660 672/907/660 673/908/660 661/886/660
f 661/886/661 673/908/661 674/909/661 662/887/661
f 662/889/662 674/910/662 675/911/662 663/890/662
f 663/892/663 675/912/663 676/913/663 664/893/663
f 664/893/664 676/913/664 677/914/664 665/894/664
f 665/894/665 677/914/665 678/915/665 666/895/665
f 666/896/666 678/916/666 679/917/666 667/897/666
f 667/897/667 679/917/667 680/918/667 668/898/667
f 668/900/668 680/919/668 669/920/668 657/901/668
f 669/903/669 681/921/669 682/922/669 670/904/669
f 670/904/670 682/922/670 683/923/670 671/905/670
f 671/905/671 683/923/671 684/924/671 672/906/671
f 672/907/672 684/925/672 685/926/672 673/908/672
f 673/908/673 685/926/673 686/927/673 674/909/673
f 674/910/674 686/928/674 687/929/674 675/911/674
f 675/912/675 687/930/675 688/931/675 676/913/675
f 676/913/676 688/931/676 689/932/676 677/914/676
f 677/914/677 689/932/677 690/933/677 678/915/677
f 678/916/678 690/934/678 691/935/678 679/917/678
f 679/917/679 691/935/679 692/936/679 680/918/679
f 680/919/680 692/937/680 681/938/680 669/920/680
f 681/938/681 693/939/681 694/940/681 682/941/681
f 682/922/682 694/942/682 695/943/682 683/923/682
f 683/923/683 695/943/683 696/944/683 684/924/683
f 684/925/684 696/945/684 697/946/684 685/926/684
f 685/947/685 697/948/685 698/949/685 686/928/685
f 686/928/686 698/949/686 699/950/686 687/929/686
f 687/929/687 699/950/687 700/951/687 688/952/687
f 688/931/688 700/953/688 701/954/688 689/932/688
f 689/932/689 701/954/689 702/955/689 690/933/689
f 690/934/690 702/956/690 703/957/690 691/935/690
f 691/958/691 703/959/691 704/960/691 692/937/691
f 692/937/692 704/960/692 693/939/692 681/938/692
f 693/939/693 705/961/693 706/962/693 694/940/693
f 694/942/694 706/963/694 707/964/694 695/943/694
f 695/943/695 707/964/695 708/965/695 696/944/695
f 696/945/696 708/966/696 709/967/696 697/946/696
f 697/948/697 709/968/697 710/969/697 698/949/697
f 698/949/698 710/969/698 711/970/698 699/950/698
f 699/950/699 711/970/699 712/971/699 700/951/699
f 700/953/700 712/972/700 713/973/700 701/954/700
f 701/954/701 713/973/701 714/974/701 702/955/701
f 702/956/702 714/975/702 715/976/702 703/957/702
f 703/959/703 715/977/703 716/978/703 704/960/703
f 704/960/704 716/978/704 705/961/704 693/939/704
f 705/961/705 717/979/705 718/980/705 706/962/705
f 706/963/706 718/981/706 719/982/706 707/964/706
f 707/964/707 719/982/707 720/983/707 708/965/707
f 708/966/708 720/984/708 721/985/708 709/967/708
f 709/968/709 721/986/709 722/987/709 710/969/709
f 710/969/710 722/987/710 723/988/710 711/970/710
f 711/970/711 723/988/711 724/989/711 712/971/711
f 712/972/712 724/990/712 725/991/712 713/973/712
f 713/973/713 725/991/713 726/992/713 714/974/713
f 714/975/714 726/993/714 727/994/714 715/976/714
f 715/977/715 727/995/715 728/996/715 716/978/715
f 716/978/716 728/996/716 717/979/716 705/961/716
f 717/979/717 729/997/717 730/998/717 718/980/717
f 718/981/718 730/999/718 731/1000/718 719/982/718
f 719/982/719 731/1000/719 732/1001/719 720/983/719
f 720/984/720 732/1002/720 733/1003/720 721/985/720
f 721/986/721 733/1004/721 734/1005/721 722/987/721
f 722/987/722 734/1005/722 735/1006/722 723/988/722
f 723/988/723 735/1006/723 736/1007/723 724/989/723
f 724/990/724 736/1008/724 737/1009/724 725/991/724
f 725/991/725 737/1009/725 738/1010/725 726/992/725
f 726/993/726 738/1011/726 739/1012/726 727/994/726
f 727/995/727 739/1013/727 740/1014/727 728/996/727
f 728/996/728 740/1014/728 729/997/728 717/979/728
f 729/997/729 741/1015/729 742/1016/729 730/998/729
f 730/999/730 742/1017/730 743/1018/730 731/1000/730
f 731/1000/731 743/1018/731 744/1019/731 732/1001/731
f 732/1002/732 744/1020/732 745/1021/732 733/1003/732
f 733/1004/733 745/1022/733 746/1023/733 734/1005/733
f 734/1005/734 746/1023/734 747/1024/734 735/1006/734
f 735/1006/735 747/1024/735 748/1025/735 736/1007/735
f 736/1008/736 748/1026/736 749/1027/736 737/1009/736
f 737/1009/737 749/1027/737 750/1028/737 738/1010/737
f 738/1011/738 750/1029/738 751/1030/738 739/1012/738
f 739/1013/739 751/1031/739 752/1032/739 740/1014/739
f 740/1014/740 752/1032/740 741/1015/740 729/997/740
f 741/1015/741 753/1033/741 754/1034/741 742/1016/741
f 742/1017/742 754/1035/742 755/1036/742 743/1018/742
f 743/1018/743 755/1036/743 756/1037/743 744/1019/743
f 744/1019/744 756/1037/744 757/1038/744 745/1039/744
f 745/1022/745 757/1040/745 758/1041/745 746/1023/745
f 746/1023/746 758/1041/746 759/1042/746 747/1024/746
f 747/1024/747 759/1042/747 760/1043/747 748/1025/747
f 748/1026/748 760/1044/748 761/1045/748 749/1027/748
f 749/1046/749 761/1047/749 762/1048/749 750/1029/749
f 750/1029/750 762/1048/750 763/1049/750 751/1030/750
f 751/1031/751 763/1050/751 764/1051/751 752/1032/751
f 752/1032/752 764/1051/752 753/1033/752 741/1015/752
f 753/1033/753 765/1052/753 766/1053/753 754/1034/753
f 754/1054/754 766/1055/754 767/1056/754 755/1057/754
f 755/1057/755 767/1056/755 768/1058/755 756/1059/755
f 756/1037/756 768/1060/756 769/1061/756 757/1038/756
f 757/1040/757 769/1062/757 770/1063/757 758/1041/757
f 758/1041/758 770/1063/758 771/1064/758 759/1042/758
f 759/1042/759 771/1064/759 772/1065/759 760/1043/759
f 760/1066/760 772/1067/760 773/1068/760 761/1047/760
f 761/1047/761 773/1068/761 774/1069/761 762/1048/761
f 762/1070/762 774/1071/762 775/1072/762 763/1073/762
f 763/1050/763 775/1074/763 776/1075/763 764/1051/763
f 764/1051/764 776/1075/764 765/1052/764 753/1033/764
f 765/1052/765 777/1076/765 778/1077/765 766/1053/765
f 766/1055/766 778/1078/766 779/1079/766 767/1056/766
f 767/1056/767 779/1079/767 780/1080/767 768/1058/767
f 768/1060/768 780/1081/768 781/1082/768 769/1061/768
f 769/1062/769 781/1083/769 782/1084/769 770/1063/769
f 770/1063/770 782/1084/770 783/1085/770 771/1064/770
f 771/1064/771 783/1085/771 784/1086/771 772/1065/771
f 772/1067/772 784/1087/772 785/1088/772 773/1068/772
f 773/1068/773 785/1088/773 786/1089/773 774/1069/773
f 774/1071/774 786/1090/774 787/1091/774 775/1072/774
f 775/1074/775 787/1092/775 788/1093/775 776/1075/775
f 776/1075/776 788/1093/776 777/1076/776 765/1052/776
f 777/1076/777 789/1094/777 790/1095/777 778/1077/777
f 778/1078/778 790/1096/778 791/1097/778 779/1079/778
f 779/1079/779 791/1097/779 792/1098/779 780/1080/779
f 780/1081/780 792/1099/780 793/1100/780 781/1082/780
f 781/1083/781 793/1101/781 794/1102/781 782/1084/781
f 782/1084/782 794/1102/782 795/1103/782 783/1085/782
f 783/1085/783 795/1103/783 796/1104/783 784/1086/783
f 784/1087/784 796/1105/784 797/1106/784 785/1088/784
f 785/1088/785 797/1106/785 798/1107/785 786/1089/785
f 786/1090/786 798/1108/786 799/1109/786 787/1091/786
f 787/1092/787 799/1110/787 800/1111/787 788/1093/787
f 788/1093/788 800/1111/788 789/1094/788 777/1076/788
f 789/1094/789 801/1112/789 802/1113/789 790/1095/789
f 790/1096/790 802/1114/790 803/1115/790 791/1097/790
f 791/1097/791 803/1115/791 804/1116/791 792/1098/791
f 792/1099/792 804/1117/792 805/1118/792 793/1100/792
f 793/1101/793 805/1119/793 806/1120/793 794/1102/793
f 794/1102/794 806/1120/794 807/1121/794 795/1103/794
f 795/1103/795 807/1121/795 808/1122/795 796/1104/795
f 796/1105/796 808/1123/796 809/1124/796 797/1106/796
f 797/1106/797 809/1124/797 810/1125/797 798/1107/797
f 798/1108/798 810/1126/798 811/1127/798 799/1109/798
f 799/1110/799 811/1128/799 812/1129/799 800/1111/799
f 800/1111/800 812/1129/800 801/1112/800 789/1094/800
f 801/1130/801 813/1131/801 814/1132/801 802/1114/801
f 802/1114/802 814/1132/802 815/1133/802 803/1115/802
f 803/1115/803 815/1133/803 816/1134/803 804/1116/803
f 804/1117/804 816/1135/804 817/1136/804 805/1118/804
f 805/1118/514 817/1136/514 818/1137/514 806/1138/514
f 806/1120/805 818/1139/805 819/1140/805 807/1121/805
f 807/1141/806 819/1142/806 820/1143/806 808/1123/806
f 808/1123/523 820/1143/523 821/1144/523 809/1124/523
f 809/1124/807 821/1144/807 822/1145/807 810/1125/807
f 810/1126/808 822/1146/808 823/1147/808 811/1127/808
f 811/1127/809 823/1147/809 824/1148/809 812/1149/809
f 812/1129/810 824/1150/810 813/1151/810 801/1112/810
f 813/1131/811 825/1152/811 826/1153/811 814/1132/811
f 814/1132/812 826/1153/812 827/1154/812 815/1133/812
f 815/1133/813 827/1154/813 828/1155/813 816/1134/813
f 816/1135/814 828/1156/814 829/1157/814 817/1136/814
f 817/1136/815 829/1157/815 830/1158/815 818/1137/815
f 818/1139/816 830/1159/816 831/1160/816 819/1140/816
f 819/1142/817 831/1161/817 832/1162/817 820/1143/817
f 820/1143/818 832/1162/818 833/1163/818 821/1144/818
f 821/1144/819 833/1163/819 834/1164/819 822/1145/819
f 822/1146/820 834/1165/820 835/1166/820 823/1147/820
f 823/1147/821 835/1166/821 836/1167/821 824/1148/821
f 824/1150/822 836/1168/822 825/1169/822 813/1151/822
f 825/1152/823 837/1170/823 838/1171/823 826/1153/823
f 826/1153/824 838/1171/824 839/1172/824 827/1154/824
f 827/1154/825 839/1172/825 840/1173/825 828/1155/825
f 828/1156/826 840/1174/826 841/1175/826 829/1157/826
f 829/1157/827 841/1175/827 842/1176/827 830/1158/827
f 830/1158/828 842/1176/828 843/1177/828 831/1178/828
f 831/1161/829 843/1179/829 844/1180/829 832/1162/829
f 832/1162/830 844/1180/830 845/1181/830 833/1163/830
f 833/1163/831 845/1181/831 846/1182/831 834/1164/831
f 834/1165/832 846/1183/832 847/1184/832 835/1166/832
f 835/1166/833 847/1184/833 848/1185/833 836/1167/833
f 836/1167/834 848/1185/834 837/1186/834 825/1187/834
f 837/1170/835 849/1188/835 850/1189/835 838/1171/835
f 838/1171/836 850/1189/836 851/1190/836 839/1172/836
f 839/1172/837 851/1190/837 852/1191/837 840/1173/837
f 840/1174/551 852/1192/551 853/1193/551 841/1175/551
f 841/1175/838 853/1193/838 854/1194/838 842/1176/838
f 842/1176/549 854/1194/549 855/1195/549 843/1177/549
f 843/1179/560 855/1196/560 856/1197/560 844/1180/560
f 844/1180/839 856/1197/839 857/1198/839 845/1181/839
f 845/1181/840 857/1198/840 858/1199/840 846/1182/840
f 846/1183/557 858/1200/557 859/1201/557 847/1184/557
f 847/1184/841 859/1201/841 860/1202/841 848/1185/841
f 848/1185/842 860/1202/842 849/1203/842 837/1186/842
f 849/1188/843 861/1204/843 862/1205/843 850/1189/843
f 850/1189/565 862/1205/565 863/1206/565 851/1190/565
f 851/1190/844 863/1206/844 864/1207/844 852/1191/844
f 852/1192/563 864/1208/563 865/1209/563 853/1193/563
f 853/1193/845 865/1209/845 866/1210/845 854/1194/845
f 854/1194/846 866/1210/846 867/1211/846 855/1195/846
f 855/1196/847 867/1212/847 868/1213/847 856/1197/847
f 856/1197/848 868/1213/848 869/1214/848 857/1198/848
f 857/1198/570 869/1214/570 870/1215/570 858/1199/570
f 858/1200/849 870/1216/849 871/1217/849 859/1201/849
f 859/1201/850 871/1217/850 872/1218/850 860/1202/850
f 860/1202/851 872/1218/851 861/1219/851 849/1203/851
f 861/1204/852 873/1220/852 874/1221/852 862/1205/852
f 862/1205/853 874/1221/853 875/1222/853 863/1206/853
f 863/1206/854 875/1222/854 876/1223/854 864/1207/854
f 864/1208/855 876/1224/855 877/1225/855 865/1209/855
f 865/1209/856 877/1225/856 878/1226/856 866/1210/856
f 866/1210/857 878/1226/857 879/1227/857 867/1211/857
f 867/1212/858 879/1228/858 880/1229/858 868/1213/858
f 868/1213/859 880/1229/859 881/1230/859 869/1214/859
f 869/1214/860 881/1230/860 882/1231/860 870/1215/860
f 870/1216/861 882/1232/861 883/1233/861 871/1217/861
f 871/1217/862 883/1233/862 884/1234/862 872/1218/862
f 872/1218/863 884/1234/863 873/1235/863 861/1219/863
f 873/1220/864 885/1236/864 886/1237/864 874/1221/864
f 874/1221/589 886/1237/589 887/1238/589 875/1222/589
f 875/1222/865 887/1238/865 888/1239/865 876/1223/865
f 876/1224/866 888/1240/866 889/1241/866 877/1225/866
f 877/1225/867 889/1241/867 890/1242/867 878/1226/867
f 878/1226/585 890/1242/585 891/1243/585 879/1227/585
f 879/1228/596 891/1244/596 892/1245/596 880/1229/596
f 880/1229/868 892/1245/868 893/1246/868 881/1230/868
f 881/1230/869 893/1246/869 894/1247/869 882/1231/869
f 882/1232/870 894/1248/870 895/1249/870 883/1233/870
f 883/1233/592 895/1249/592 896/1250/592 884/1234/592
f 884/1234/871 896/1250/871 885/1251/871 873/1235/871
f 885/1236/872 897/1252/872 898/1253/872 886/1237/872
f 886/1237/873 898/1253/873 899/1254/873 887/1238/873
f 887/1238/874 899/1254/874 900/1255/874 888/1239/874
f 888/1240/875 900/1256/875 901/1257/875 889/1241/875
f 889/1241/876 901/1257/876 902/1258/876 890/1242/876
f 890/1242/877 902/1258/877 903/1259/877 891/1243/877
f 891/1244/878 903/1260/878 904/1261/878 892/1245/878
f 892/1245/879 904/1261/879 905/1262/879 893/1246/879
f 893/1246/880 905/1262/880 906/1263/880 894/1247/880
f 894/1248/881 906/1264/881 907/1265/881 895/1249/881
f 895/1249/882 907/1265/882 908/1266/882 896/1250/882
f 896/1250/883 908/1266/883 897/1267/883 885/1251/883
f 897/1252/884 909/1268/884 910/1269/884 898/1253/884
f 898/1253/885 910/1269/885 911/1270/885 899/1254/885
f 899/1254/612 911/1270/612 912/1271/612 900/1255/612
f 900/1256/886 912/1272/886 913/1273/886 901/1257/886
f 901/1257/887 913/1273/887 914/1274/887 902/1258/887
f 902/1258/888 914/1274/888 915/1275/888 903/1259/888
f 903/1260/889 915/1276/889 916/1277/889 904/1261/889
f 904/1261/890 916/1277/890 917/1278/890 905/1262/890
f 905/1262/891 917/1278/891 918/1279/891 906/1263/891
f 906/1264/617 918/1280/617 919/1281/617 907/1265/617
f 907/1265/892 919/1281/892 920/1282/892 908/1266/892
f 908/1266/893 920/1282/893 909/1283/893 897/1267/893
f 909/1268/894 921/1284/894 922/1285/894 910/1269/894
f 910/1269/895 922/1285/895 923/1286/895 911/1270/895
f 911/1270/896 923/1286/896 924/1287/896 912/1271/896
f 912/1272/897 924/1288/897 925/1289/897 913/1273/897
f 913/1273/898 925/1289/898 926/1290/898 914/1274/898
f 914/1274/899 926/1290/899 927/1291/899 915/1275/899
f 915/1276/900 927/1292/900 928/1293/900 916/1277/900
f 916/1277/901 928/1293/901 929/1294/901 917/1278/901
f 917/1278/902 929/1294/902 930/1295/902 918/1279/902
f 918/1280/903 930/1296/903 931/1297/903 919/1281/903
f 919/1281/904 931/1297/904 932/1298/904 920/1282/904
f 920/1282/905 932/1298/905 921/1299/905 909/1283/905
f 921/1284/906 933/1300/906 934/1301/906 922/1285/906
f 922/1285/907 934/1301/907 935/1302/907 923/1286/907
f 923/1286/908 935/1302/908 936/1303/908 924/1287/908
f 924/1288/635 936/1304/635 937/1305/635 925/1289/635
f 925/1289/909 937/1305/909 938/1306/909 926/1290/909
f 926/1290/910 938/1306/910 939/1307/910 927/1291/910
f 927/1292/911 939/1308/911 940/1309/911 928/1293/911
f 928/1293/912 940/1309/912 941/1310/912 929/1294/912
f 929/1294/913 941/1310/913 942/1311/913 930/1295/913
f 930/1296/641 942/1312/641 943/1313/641 931/1297/641
f 931/1297/914 943/1313/914 944/1314/914 932/1298/914
f 932/1298/915 944/1314/915 933/1315/915 921/1299/915
f 933/1316/916 945/1317/916 946/1318/916 934/1319/916
f 934/1301/649 946/1320/649 947/1321/649 935/1302/649
f 935/1302/648 947/1321/648 948/1322/648 936/1303/648
f 936/1304/917 948/1323/917 949/1324/917 937/1305/917
f 937/1305/918 949/1324/918 950/1325/918 938/1306/918
f 938/1306/919 950/1325/919 951/1326/919 939/1307/919
f 939/1327/920 951/1328/920 952/1329/920 940/1330/920
f 940/1309/921 952/1331/921 953/1332/921 941/1310/921
f 941/1310/922 953/1332/922 954/1333/922 942/1311/922
f 942/1312/923 954/1334/923 955/1335/923 943/1313/923
f 943/1313/924 955/1335/924 956/1336/924 944/1314/924
f 944/1314/925 956/1336/925 945/1337/925 933/1315/925
f 945/1317/926 957/1338/926 958/1339/926 946/1318/926
f 946/1320/661 958/1340/661 959/1341/661 947/1321/661
f 947/1321/927 959/1341/927 960/1342/927 948/1322/927
f 948/1323/928 960/1343/928 961/1344/928 949/1324/928
f 949/1324/929 961/1344/929 962/1345/929 950/1325/929
f 950/1325/930 962/1345/930 963/1346/930 951/1326/930
f 951/1328/931 963/1347/931 964/1348/931 952/1329/931
f 952/1331/932 964/1349/932 965/1350/932 953/1332/932
f 953/1332/933 965/1350/933 966/1351/933 954/1333/933
f 954/1334/934 966/1352/934 967/1353/934 955/1335/934
f 955/1335/664 967/1353/664 968/1354/664 956/1336/664
f 956/1336/935 968/1354/935 957/1355/935 945/1337/935
f 957/1338/936 969/1356/936 970/1357/936 958/1339/936
f 958/1340/937 970/1358/937 971/1359/937 959/1341/937
f 959/1341/938 971/1359/938 972/1360/938 960/1342/938
f 960/1343/671 972/1361/671 973/1362/671 961/1344/671
f 961/1344/939 973/1362/939 974/1363/939 962/1345/939
f 962/1345/940 974/1363/940 975/1364/940 963/1346/940
f 963/1347/941 975/1365/941 976/1366/941 964/1348/941
f 964/1349/942 976/1367/942 977/1368/942 965/1350/942
f 965/1350/943 977/1368/943 978/1369/943 966/1351/943
f 966/1352/944 978/1370/944 979/1371/944 967/1353/944
f 967/1353/945 979/1371/945 980/1372/945 968/1354/945
f 968/1354/946 980/1372/946 969/1373/946 957/1355/946
f 969/1356/947 981/1374/947 982/1375/947 970/1357/947
f 970/1357/948 982/1375/948 983/1376/948 971/1377/948
f 971/1359/949 983/1378/949 984/1379/949 972/1360/949
f 972/1361/950 984/1380/950 985/1381/950 973/1362/950
f 973/1362/951 985/1381/951 986/1382/951 974/1363/951
f 974/1383/952 986/1384/952 987/1385/952 975/1365/952
f 975/1365/953 987/1385/953 988/1386/953 976/1366/953
f 976/1366/954 988/1386/954 989/1387/954 977/1388/954
f 977/1368/955 989/1389/955 990/1390/955 978/1369/955
f 978/1370/956 990/1391/956 991/1392/956 979/1371/956
f 979/1371/957 991/1392/957 992/1393/957 980/1372/957
f 980/1394/958 992/1395/958 981/1374/958 969/1356/958
f 981/1374/959 993/1396/959 994/1397/959 982/1375/959
f 982/1375/960 994/1397/960 995/1398/960 983/1376/960
f 983/1378/696 995/1399/696 996/1400/696 984/1379/696
f 984/1380/961 996/1401/961 997/1402/961 985/1381/961
f 985/1381/962 997/1402/962 998/1403/962 986/1382/962
f 986/1384/963 998/1404/963 999/1405/963 987/1385/963
f 987/1385/964 999/1405/964 1000/1406/964 988/1386/964
f 988/1386/965 1000/1406/965 1001/1407/965 989/1387/965
f 989/1389/966 1001/1408/966 1002/1409/966 990/1390/966
f 990/1391/967 1002/1410/967 1003/1411/967 991/1392/967
f 991/1392/968 1003/1411/968 1004/1412/968 992/1393/968
f 992/1395/969 1004/1413/969 993/1396/969 981/1374/969
f 993/1396/970 1005/1414/970 1006/1415/970 994/1397/970
f 994/1397/971 1006/1415/971 1007/1416/971 995/1398/971
f 995/1399/972 1007/1417/972 1008/1418/972 996/1400/972
f 996/1401/973 1008/1419/973 1009/1420/973 997/1402/973
f 997/1402/974 1009/1420/974 1010/1421/974 998/1403/974
f 998/1404/975 1010/1422/975 1011/1423/975 999/1405/975
f 999/1405/976 1011/1423/976 1012/1424/976 1000/1406/976
f 1000/1406/977 1012/1424/977 1013/1425/977 1001/1407/977
f 1001/1408/978 1013/1426/978 1014/1427/978 1002/1409/978
f 1002/1410/979 1014/1428/979 1015/1429/979 1003/1411/979
f 1003/1411/980 1015/1429/980 1016/1430/980 1004/1412/980
f 1004/1413/981 1016/1431/981 1005/1414/981 993/1396/981
f 1005/1414/982 1017/1432/982 1018/1433/982 1006/1415/982
f 1006/1415/983 1018/1433/983 1019/1434/983 1007/1416/983
f 1007/1417/984 1019/1435/984 1020/1436/984 1008/1418/984
f 1008/1419/719 1020/1437/719 1021/1438/719 1009/1420/719
f 1009/1420/985 1021/1438/985 1022/1439/985 1010/1421/985
f 1010/1422/986 1022/1440/986 1023/1441/986 1011/1423/986
f 1011/1423/987 1023/1441/987 1024/1442/987 1012/1424/987
f 1012/1424/988 1024/1442/988 1025/1443/988 1013/1425/988
f 1013/1426/989 1025/1444/989 1026/1445/989 1014/1427/989
f 1014/1428/990 1026/1446/990 1027/1447/990 1015/1429/990
f 1015/1429/991 1027/1447/991 1028/1448/991 1016/1430/991
f 1016/1431/992 1028/1449/992 1017/1432/992 1005/1414/992
f 1017/1432/993 1029/1450/993 1030/1451/993 1018/1433/993
f 1018/1433/994 1030/1451/994 1031/1452/994 1019/1434/994
f 1019/1435/995 1031/1453/995 1032/1454/995 1020/1436/995
f 1020/1437/996 1032/1455/996 1033/1456/996 1021/1438/996
f 1021/1438/997 1033/1456/997 1034/1457/997 1022/1439/997
f 1022/1440/998 1034/1458/998 1035/1459/998 1023/1441/998
f 1023/1441/999 1035/1459/999 1036/1460/999 1024/1442/999
f 1024/1442/1000 1036/1460/1000 1037/1461/1000 1025/1443/1000
f 1025/1444/738 1037/1462/738 1038/1463/738 1026/1445/738
f 1026/1446/1001 1038/1464/1001 1039/1465/1001 1027/1447/1001
f 1027/1447/1002 1039/1465/1002 1040/1466/1002 1028/1448/1002
f 1028/1449/1003 1040/1467/1003 1029/1450/1003 1017/1432/1003
f 1029/1450/1004 1041/1468/1004 1042/1469/1004 1030/1451/1004
f 1030/1451/1005 1042/1469/1005 1043/1470/1005 1031/1452/1005
f 1031/1471/1006 1043/1472/1006 1044/1473/1006 1032/1455/1006
f 1032/1474/1007 1044/1475/1007 1045/1476/1007 1033/1477/1007
f 1033/1477/1008 1045/1476/1008 1046/1478/1008 1034/1479/1008
f 1034/1458/1009 1046/1480/1009 1047/1481/1009 1035/1459/1009
f 1035/1459/1010 1047/1481/1010 1048/1482/1010 1036/1460/1010
f 1036/1460/1011 1048/1482/1011 1049/1483/1011 1037/1461/1011
f 1037/1484/1012 1049/1485/1012 1050/1486/1012 1038/1487/1012
f 1038/1463/1013 1050/1488/1013 1051/1489/1013 1039/1490/1013
f 1039/1465/1014 1051/1491/1014 1052/1492/1014 1040/1466/1014
f 1040/1467/1015 1052/1493/1015 1041/1468/1015 1029/1450/1015
f 1041/1468/1016 1053/1494/1016 1054/1495/1016 1042/1469/1016
f 1042/1469/1017 1054/1495/1017 1055/1496/1017 1043/1470/1017
f 1043/1472/1018 1055/1497/1018 1056/1498/1018 1044/1473/1018
f 1044/1475/1019 1056/1499/1019 1057/1500/1019 1045/1476/1019
f 1045/1476/1020 1057/1500/1020 1058/1501/1020 1046/1478/1020
f 1046/1480/753 1058/1502/753 1059/1503/753 1047/1481/753
f 1047/1481/764 1059/1503/764 1060/1504/764 1048/1482/764
f 1048/1482/1021 1060/1504/1021 1061/1505/1021 1049/1483/1021
f 1049/1485/762 1061/1506/762 1062/1507/762 1050/1486/762
f 1050/1488/1022 1062/1508/1022 1063/1509/1022 1051/1489/1022
f 1051/1489/1023 1063/1509/1023 1064/1510/1023 1052/1511/1023
f 1052/1493/1024 1064/1512/1024 1053/1494/1024 1041/1468/1024
f 1053/1494/1025 1065/1513/1025 1066/1514/1025 1054/1495/1025
f 1054/1495/1026 1066/1514/1026 1067/1515/1026 1055/1496/1026
f 1055/1497/768 1067/1516/768 1068/1517/768 1056/1498/768
f 1056/1499/1027 1068/1518/1027 1069/1519/1027 1057/1500/1027
f 1057/1500/1028 1069/1519/1028 1070/1520/1028 1058/1501/1028
f 1058/1502/1029 1070/1521/1029 1071/1522/1029 1059/1503/1029
f 1059/1503/1030 1071/1522/1030 1072/1523/1030 1060/1504/1030
f 1060/1504/1031 1072/1523/1031 1073/1524/1031 1061/1505/1031
f 1061/1506/1032 1073/1525/1032 1074/1526/1032 1062/1507/1032
f 1062/1508/773 1074/1527/773 1075/1528/773 1063/1509/773
f 1063/1509/1033 1075/1528/1033 1076/1529/1033 1064/1510/1033
f 1064/1512/1034 1076/1530/1034 1065/1513/1034 1053/1494/1034
f 1065/1513/1035 1077/1531/1035 1078/1532/1035 1066/1514/1035
f 1066/1514/1036 1078/1532/1036 1079/1533/1036 1067/1515/1036
f 1067/1516/1037 1079/1534/1037 1080/1535/1037 1068/1517/1037
f 1068/1518/1038 1080/1536/1038 1081/1537/1038 1069/1519/1038
f 1069/1519/1039 1081/1537/1039 1082/1538/1039 1070/1520/1039
f 1070/1521/1040 1082/1539/1040 1083/1540/1040 1071/1522/1040
f 1071/1522/1041 1083/1540/1041 1084/1541/1041 1072/1523/1041
f 1072/1523/1042 1084/1541/1042 1085/1542/1042 1073/1524/1042
f 1073/1525/1043 1085/1543/1043 1086/1544/1043 1074/1526/1043
f 1074/1527/1044 1086/1545/1044 1087/1546/1044 1075/1528/1044
f 1075/1528/1045 1087/1546/1045 1088/1547/1045 1076/1529/1045
f 1076/1530/1046 1088/1548/1046 1077/1531/1046 1065/1513/1046
f 1077/1531/1047 513/681/1047 514/684/1047 1078/1532/1047
f 1078/1532/1048 514/684/1048 515/1549/1048 1079/1533/1048
f 1079/1534/792 515/688/792 516/690/792 1080/1535/792
f 1080/1536/1049 516/691/1049 517/694/1049 1081/1537/1049
f 1081/1537/1050 517/694/1050 518/696/1050 1082/1538/1050
f 1082/1539/1051 518/1550/1051 519/699/1051 1083/1540/1051
f 1083/1540/1052 519/699/1052 520/702/1052 1084/1541/1052
f 1084/1541/1053 520/702/1053 521/1551/1053 1085/1542/1053
f 1085/1543/1054 521/706/1054 522/708/1054 1086/1544/1054
f 1086/1545/797 522/709/797 523/712/797 1087/1546/797
f 1087/1546/1055 523/712/1055 524/714/1055 1088/1547/1055
f 1088/1548/1056 524/1552/1056 513/681/1056 1077/1531/1056
